Trade Date,MASI,DSI,FSI 
2020-01-22,29531.92,22949.91,4024.86
2020-01-21,29531.92,22949.91,4024.86
2020-01-20,29531.92,22949.91,4024.86
2020-01-17,29500.15,22921.24,4024.86
2020-01-16,29439.47,22866.49,4024.86
2020-01-14,30273.44,23618.91,4024.86
2020-01-13,30273.44,23618.91,4024.86
2020-01-10,30273.44,23618.91,4024.86
2020-01-09,30282.10,23626.73,4024.86
2020-01-08,30282.10,23626.73,4024.86
2020-01-07,30283.64,23628.12,4024.86
2020-01-06,30283.49,23627.98,4024.86
2020-01-03,30252.27,23599.81,4024.86
2020-01-02,30252.43,23599.95,4024.86
2019-12-31,30252.20,23599.75,4024.86
2019-12-30,30000.36,23372.53,4024.86
2019-12-27,29538.36,22955.71,4024.86
2019-12-24,29538.36,22955.71,4024.86
2019-12-23,29536.87,22954.37,4024.86
2019-12-20,29536.87,22954.37,4024.86
2019-12-19,29533.99,22951.77,4024.86
2019-12-18,29535.43,22953.07,4024.86
2019-12-17,29534.83,22952.53,4024.86
2019-12-16,29534.83,22952.53,4024.86
2019-12-13,29534.73,22952.44,4024.86
2019-12-12,29532.66,22950.57,4024.86
2019-12-11,29532.66,22950.57,4024.86
2019-12-10,29532.03,22950.01,4024.86
2019-12-09,29532.03,22950.01,4024.86
2019-12-06,29213.70,22662.80,4024.86
2019-12-05,29215.15,22664.10,4024.86
2019-12-04,29215.15,22664.10,4024.86
2019-12-03,29215.33,22664.27,4024.86
2019-12-02,29215.33,22664.27,4024.86
2019-11-29,29215.33,22664.27,4024.86
2019-11-28,29215.23,22664.18,4024.86
2019-11-27,29215.23,22664.18,4024.86
2019-11-26,29630.81,23039.12,4024.86
2019-11-25,29630.81,23039.12,4024.86
2019-11-22,29629.37,23037.82,4024.86
2019-11-21,29629.47,23037.91,4024.86
2019-11-20,30076.82,23441.52,4024.86
2019-11-19,30076.82,23441.52,4024.86
2019-11-18,30091.13,23454.43,4024.86
2019-11-15,30091.23,23454.52,4024.86
2019-11-13,30091.13,23454.43,4024.86
2019-11-12,30344.59,23455.73,4272.58
2019-11-11,30343.05,23454.34,4272.58
2019-11-08,30343.05,23454.34,4272.58
2019-11-07,30340.88,23452.38,4272.58
2019-11-06,30343.05,23454.34,4272.58
2019-11-05,30343.05,23454.34,4272.58
2019-11-04,30344.49,23455.64,4272.58
2019-11-01,30344.49,23455.64,4272.58
2019-10-31,30344.49,23455.64,4272.58
2019-10-30,30344.49,23455.64,4272.58
2019-10-29,30340.88,23452.38,4272.58
2019-10-28,30342.82,23454.14,4272.58
2019-10-25,30342.82,23454.14,4272.58
2019-10-24,29738.40,22908.82,4272.58
2019-10-23,29738.62,22909.02,4272.58
2019-10-22,29740.06,22910.32,4272.58
2019-10-21,29740.06,22910.32,4272.58
2019-10-18,29740.17,22910.41,4272.58
2019-10-17,29740.06,22910.32,4272.58
2019-10-16,29714.95,22887.66,4272.58
2019-10-14,29714.95,22887.66,4272.58
2019-10-11,29714.95,22887.66,4272.58
2019-10-10,29714.95,22887.66,4272.58
2019-10-09,29714.95,22887.66,4272.58
2019-10-08,29714.85,22887.57,4272.58
2019-10-07,29714.85,22887.57,4272.58
2019-10-04,29622.74,22804.47,4272.58
2019-10-03,29620.42,22802.37,4272.58
2019-10-02,29546.47,22735.66,4272.58
2019-10-01,29546.47,22735.66,4272.58
2019-09-30,29546.27,22735.48,4272.58
2019-09-27,29548.44,22737.43,4272.58
2019-09-26,29661.31,22839.27,4272.58
2019-09-25,29609.42,22792.45,4272.58
2019-09-24,29142.42,22371.12,4272.58
2019-09-23,29031.29,22270.86,4272.58
2019-09-20,29550.18,22739.00,4272.58
2019-09-19,29550.18,22739.00,4272.58
2019-09-18,29550.18,22739.00,4272.58
2019-09-17,29349.31,22557.78,4272.58
2019-09-16,29349.31,22557.78,4272.58
2019-09-13,29348.68,22557.21,4272.58
2019-09-12,29303.47,22516.42,4272.58
2019-09-11,29299.07,22512.46,4272.58
2019-09-10,29299.10,22512.48,4272.58
2019-09-09,29297.03,22510.61,4272.58
2019-09-06,29298.25,22511.71,4272.58
2019-09-05,29298.25,22511.71,4272.58
2019-09-04,29298.25,22511.71,4272.58
2019-09-03,29298.48,22511.91,4272.58
2019-09-02,29298.48,22511.91,4272.58
2019-08-30,29197.17,22420.52,4272.58
2019-08-29,29197.17,22420.52,4272.58
2019-08-28,29367.66,22574.34,4272.58
2019-08-27,29367.46,22574.16,4272.58
2019-08-26,29367.46,22574.16,4272.58
2019-08-23,29153.01,22380.68,4272.58
2019-08-22,29153.01,22380.68,4272.58
2019-08-21,29071.28,22306.94,4272.58
2019-08-20,29071.28,22306.94,4.00
2019-08-19,29071.28,22306.94,4272.58
2019-08-16,29071.28,22306.94,4272.58
2019-08-15,29071.28,22306.94,4272.58
2019-08-14,29320.47,22304.85,4519.81
2019-08-13,29320.47,22304.85,4519.81
2019-08-12,29322.64,22306.80,4519.81
2019-08-09,29319.03,22303.55,4519.81
2019-08-08,29320.47,22304.85,4519.81
2019-08-07,29312.31,22297.48,4519.81
2019-08-06,29312.31,22297.48,4519.81
2019-08-05,29412.52,22387.89,4519.81
2019-08-02,29413.02,22387.89,4520.31
2019-08-01,29413.02,22387.89,4520.31
2019-07-31,29413.02,22387.89,4520.31
2019-07-30,29419.52,22393.75,4520.31
2019-07-29,29525.54,22489.40,4520.31
2019-07-26,29525.76,22489.61,4520.31
2019-07-25,29894.01,22821.84,4520.31
2019-07-24,29893.91,22821.75,4520.31
2019-07-23,29893.91,22821.75,4520.31
2019-07-22,29954.56,22876.47,4520.31
2019-07-19,29954.56,22876.47,4520.31
2019-07-18,29928.82,22853.24,4520.31
2019-07-17,29954.46,22876.38,4520.31
2019-07-16,29954.46,22876.38,4520.31
2019-07-15,29954.46,22876.38,4520.31
2019-07-12,29953.83,22875.81,4520.31
2019-07-11,29958.16,22879.72,4520.31
2019-07-10,29958.16,22879.72,4520.31
2019-07-09,29958.16,22879.72,4520.31
2019-07-05,29958.16,22879.72,4520.31
2019-07-04,29669.58,22619.36,4520.31
2019-07-03,29667.52,22617.50,4520.31
2019-07-02,29669.58,22619.36,4520.31
2019-07-01,29958.16,22879.72,4520.31
2019-06-28,29956.00,22877.77,4520.31
2019-06-27,29667.42,22617.41,4520.31
2019-06-26,29669.58,22619.36,4520.31
2019-06-25,29669.58,22619.36,4520.31
2019-06-24,29669.56,22619.34,4520.31
2019-06-21,29669.56,22619.34,4520.31
2019-06-20,29669.05,22619.34,4519.81
2019-06-19,29669.05,22619.34,4519.81
2019-06-18,29669.56,22619.34,4520.31
2019-06-17,29669.56,22619.34,4520.31
2019-06-14,29669.56,22619.34,4520.31
2019-06-13,29671.20,22619.34,4521.93
2019-06-12,29670.98,22619.13,4521.93
2019-06-11,29670.98,22619.13,4521.93
2019-06-10,29671.20,22619.34,4521.93
2019-06-07,29296.55,22281.33,4521.93
2019-06-06,29246.08,22235.79,4521.93
2019-06-04,29246.08,22235.79,4521.93
2019-06-03,29246.08,22235.79,4521.93
2019-05-31,29246.08,22235.79,4521.93
2019-05-30,29099.47,22103.52,4521.93
2019-05-29,29062.24,22069.93,4521.93
2019-05-28,29062.24,22069.93,4521.93
2019-05-27,28672.60,21718.37,4521.94
2019-05-24,28728.11,21768.45,4521.94
2019-05-23,28425.90,21495.79,4521.94
2019-05-22,28423.76,21493.86,4521.94
2019-05-21,28572.23,21627.82,4521.94
2019-05-20,28114.09,21214.47,4521.94
2019-05-17,28114.09,21214.47,4521.94
2019-05-16,28114.09,21214.47,4521.94
2019-05-15,28116.25,21216.43,4521.94
2019-05-13,27783.20,20915.94,4521.94
2019-05-10,27783.20,20915.94,4521.94
2019-05-09,27748.15,20884.32,4521.94
2019-05-08,27693.09,20834.65,4521.94
2019-05-07,27431.60,20598.72,4521.94
2019-05-06,27130.50,20327.07,4521.94
2019-05-03,27130.95,20327.48,4521.94
2019-05-02,27139.20,20334.92,4521.94
2019-04-30,27138.65,20334.43,4521.94
2019-04-29,27019.12,20226.58,4521.94
2019-04-26,27019.12,20226.58,4521.94
2019-04-25,27018.63,20226.14,4521.94
2019-04-24,27151.07,20345.63,4521.94
2019-04-23,27151.07,20345.63,4521.94
2019-04-18,27162.10,20355.58,4521.94
2019-04-17,27040.11,20245.51,4521.94
2019-04-16,27042.45,20247.63,4521.94
2019-04-15,27046.87,20251.62,4521.94
2019-04-12,27044.70,20249.66,4521.94
2019-04-11,27021.25,20228.50,4521.94
2019-04-10,27369.59,20542.78,4521.94
2019-04-09,27307.12,20486.42,4521.94
2019-04-08,27288.80,20469.89,4521.94
2019-04-05,27290.96,20471.84,4521.94
2019-04-04,27290.47,20471.39,4521.94
2019-04-03,27301.49,20481.34,4521.94
2019-04-02,27303.65,20483.29,4521.94
2019-04-01,27303.65,20483.29,4521.94
2019-03-29,27303.65,20483.29,4521.94
2019-03-28,27440.56,20606.81,4521.94
2019-03-27,27440.56,20606.81,4521.94
2019-03-26,27445.85,20611.58,4521.94
2019-03-25,27445.85,20611.58,4521.94
2019-03-22,27445.85,20611.58,4521.94
2019-03-21,27445.85,20611.58,4521.94
2019-03-20,27445.85,20611.58,4521.94
2019-03-19,27451.50,20616.68,4521.94
2019-03-18,27451.65,20616.82,4521.94
2019-03-15,27451.38,20616.57,4521.94
2019-03-14,27451.38,20616.57,4521.94
2019-03-13,27957.17,21072.90,4521.94
2019-03-12,27957.62,21073.31,4521.94
2019-03-11,27947.27,21063.97,4521.94
2019-03-08,27946.78,21063.52,4521.94
2019-03-07,27687.96,20830.02,4521.94
2019-03-06,27687.33,20829.45,4521.94
2019-03-05,27687.33,20829.45,4521.94
2019-03-01,27687.33,20829.45,4521.94
2019-02-28,27687.33,20829.45,4521.94
2019-02-27,27726.84,20865.09,4521.94
2019-02-26,27726.84,20865.09,4521.94
2019-02-25,27725.30,20863.70,4521.94
2019-02-22,27726.75,20864.56,4522.44
2019-02-21,27726.75,20864.56,4522.44
2019-02-20,28168.09,21262.74,4522.44
2019-02-19,28378.24,21452.80,4521.94
2019-02-18,28378.96,21453.44,4521.94
2019-02-15,28387.13,21460.81,4521.94
2019-02-14,28610.74,21526.59,4670.08
2019-02-13,29216.08,21526.59,5265.12
2019-02-12,29326.99,21626.65,5265.12
2019-02-11,29329.88,21629.27,5265.12
2019-02-08,29329.86,21629.24,5265.12
2019-02-07,29329.36,21628.70,5265.12
2019-02-06,29328.77,21628.26,5265.12
2019-02-05,29328.77,21628.26,5265.12
2019-02-04,29328.77,21628.26,5265.12
2019-02-01,29328.77,21628.26,5265.12
2019-01-31,28808.89,21159.22,5265.12
2019-01-30,29328.77,21628.26,5265.12
2019-01-29,29325.54,21625.35,5265.12
2019-01-28,29322.93,21622.99,5265.12
2019-01-25,29322.93,21622.99,5265.12
2019-01-24,29322.93,21622.99,5265.12
2019-01-23,29325.19,21625.03,5265.12
2019-01-22,29338.99,21637.48,5265.12
2019-01-21,29325.19,21625.03,5265.12
2019-01-18,28848.15,21194.64,5265.12
2019-01-17,28859.48,21204.96,5265.12
2019-01-16,28859.48,21204.96,5265.12
2019-01-14,28861.64,21206.93,5265.12
2019-01-11,28861.64,21206.93,5265.12
2019-01-10,28861.64,21206.93,5265.12
2019-01-09,28859.37,21204.87,5265.12
2019-01-08,28867.47,21212.26,5265.12
2019-01-07,28867.47,21212.26,5265.12
2019-01-04,28867.47,21212.26,5265.12
2019-01-03,29094.53,21419.27,5265.12
2019-01-02,28983.53,21318.07,5265.12
2018-12-31,28983.53,21318.07,5265.12
2018-12-28,28983.53,21318.07,5265.12
2018-12-27,28458.05,21318.07,4771.16
2018-12-24,28983.53,21318.07,5265.12
2018-12-21,28976.74,21311.87,5265.12
2018-12-20,28983.53,21318.07,5265.12
2018-12-19,28965.41,21301.55,5265.12
2018-12-18,28514.77,21301.55,4841.51
2018-12-17,28230.47,21111.55,4769.67
2018-12-14,28186.79,21072.20,4769.67
2018-12-13,27918.13,21078.46,4510.68
2018-12-12,27918.13,21078.46,4510.68
2018-12-11,27671.09,20856.91,4506.88
2018-12-10,26930.97,20622.59,4052.91
2018-12-07,26572.93,20321.63,4026.50
2018-12-06,26371.07,20253.14,3907.36
2018-12-05,26224.37,20244.11,3778.77
2018-12-04,26395.89,20401.04,3778.77
2018-12-03,26432.74,20434.09,3778.77
2018-11-30,26803.80,20772.39,3778.77
2018-11-29,26840.11,20805.48,3778.77
2018-11-28,26867.24,20830.21,3778.77
2018-11-27,26867.21,20830.19,3778.77
2018-11-26,26867.02,20830.02,3778.77
2018-11-23,26370.35,20377.20,3778.77
2018-11-22,26869.29,20832.09,3778.77
2018-11-21,26869.29,20832.09,3778.77
2018-11-20,26854.74,20818.82,3778.77
2018-11-19,26719.53,20695.56,3778.77
2018-11-16,27048.50,20995.48,3778.77
2018-11-15,26757.27,20727.59,3781.25
2018-11-14,27528.07,20851.26,4378.27
2018-11-13,27495.90,20821.93,4378.27
2018-11-12,28258.07,20821.93,5094.72
2018-11-09,28686.33,20999.05,5314.67
2018-11-08,28553.33,20877.79,5314.67
2018-11-07,28683.42,20996.39,5314.67
2018-11-06,29470.13,20872.72,6181.70
2018-11-05,30542.65,20865.93,7196.88
2018-11-02,30620.09,20936.54,7196.88
2018-11-01,30633.68,20948.92,7196.88
2018-10-31,30622.36,20938.60,7196.88
2018-10-30,30821.89,21120.51,7196.88
2018-10-29,30819.01,21117.41,7197.38
2018-10-26,30819.01,21117.41,7197.38
2018-10-25,31995.59,21325.63,8088.69
2018-10-24,31674.02,21032.45,8088.69
2018-10-23,31622.02,20985.04,8088.69
2018-10-22,31940.68,21275.57,8088.69
2018-10-19,31866.27,21207.42,8088.69
2018-10-18,31223.09,20621.33,8088.69
2018-10-17,31582.44,20948.96,8088.69
2018-10-16,31267.86,20614.57,8137.74
2018-10-12,31260.83,20608.16,8137.74
2018-10-11,31493.42,20820.22,8137.74
2018-10-10,31386.59,20722.83,8137.74
2018-10-09,31243.93,20592.76,8137.74
2018-10-08,31297.84,20641.91,8137.74
2018-10-05,31832.16,21129.05,8137.74
2018-10-04,31570.02,20890.06,8137.74
2018-10-03,32428.08,21672.36,8137.74
2018-10-02,32428.51,21672.76,8137.74
2018-10-01,32417.64,21662.36,8138.23
2018-09-28,32373.19,21621.84,8138.23
2018-09-27,32371.29,21620.11,8138.23
2018-09-26,32340.31,21591.86,8138.23
2018-09-25,32435.39,21583.89,8235.84
2018-09-24,32433.12,21581.81,8235.84
2018-09-21,32433.12,21581.81,8235.84
2018-09-20,32433.12,21581.81,8235.84
2018-09-19,32369.10,21566.86,8199.71
2018-09-18,32285.56,21446.32,8236.83
2018-09-17,32285.56,21446.32,8236.83
2018-09-14,32285.56,21446.32,8236.83
2018-09-13,32317.97,21475.87,8236.83
2018-09-12,32318.17,21476.05,8236.83
2018-09-11,32306.22,21465.16,8236.83
2018-09-10,32306.69,21465.59,8236.83
2018-09-07,32306.69,21465.59,8236.83
2018-09-06,32306.03,21464.98,8236.83
2018-09-05,32072.71,21252.26,8236.83
2018-09-04,32071.76,21251.40,8236.83
2018-09-03,32071.76,21251.40,8236.83
2018-08-31,31956.43,21145.76,8237.32
2018-08-30,31846.95,21045.95,8237.32
2018-08-29,31844.92,21044.10,8237.32
2018-08-28,31284.24,20532.92,8237.32
2018-08-27,31284.24,20532.92,8237.32
2018-08-24,31284.24,20532.92,8237.32
2018-08-23,31278.13,20530.76,8233.79
2018-08-22,31281.87,20530.76,8237.32
2018-08-21,31281.87,20530.76,8237.32
2018-08-20,31281.87,20530.76,8237.32
2018-08-17,31281.87,20530.76,8237.32
2018-08-16,31284.28,20533.09,8237.32
2018-08-15,31279.58,20528.67,8237.32
2018-08-14,31282.19,20531.06,8237.32
2018-08-13,31282.19,20531.06,8237.32
2018-08-10,31282.19,20531.06,8237.32
2018-08-09,31282.19,20531.06,8237.32
2018-08-08,31282.19,20531.06,8237.32
2018-08-07,31282.19,20531.06,8237.32
2018-08-06,31282.09,20530.96,8237.32
2018-08-03,31263.14,20513.69,8237.32
2018-08-02,31263.14,20513.69,8237.32
2018-08-01,31263.14,20513.69,8237.32
2018-07-31,31263.14,20513.69,8237.32
2018-07-30,31263.14,20513.69,8237.32
2018-07-27,31263.67,20513.69,8237.82
2018-07-26,31263.67,20513.69,8237.82
2018-07-25,31274.32,20524.01,8237.82
2018-07-24,31481.46,20471.98,8485.54
2018-07-23,31481.46,20471.98,8485.54
2018-07-20,31942.84,20412.09,8980.99
2018-07-19,31942.84,20412.09,8980.99
2018-07-18,31942.84,20412.09,8980.99
2018-07-17,31942.84,20412.09,8980.99
2018-07-16,31034.58,20304.82,8237.82
2018-07-13,31034.58,20304.82,8237.82
2018-07-12,31034.58,20304.82,8237.82
2018-07-11,31034.58,20304.82,8237.82
2018-07-10,31034.58,20304.82,8237.82
2018-07-09,30808.06,20098.30,8237.82
2018-07-05,30808.06,20098.30,8237.82
2018-07-04,30736.95,20033.47,8237.82
2018-07-03,30736.95,20033.47,8237.82
2018-07-02,30736.95,20033.47,8237.82
2018-06-29,30736.95,20033.47,8237.82
2018-06-28,30736.95,20033.47,8237.82
2018-06-27,30736.95,20033.47,8237.82
2018-06-26,30736.95,20033.47,8237.82
2018-06-25,30739.20,20035.43,8237.82
2018-06-21,30739.20,20035.43,8237.82
2018-06-20,30739.20,20035.43,8237.82
2018-06-19,30739.20,20035.43,8237.82
2018-06-18,30739.20,20035.43,8237.82
2018-06-14,30739.20,20035.43,8237.82
2018-06-13,30780.28,20072.85,8237.82
2018-06-12,30774.54,20067.62,8237.82
2018-06-11,30533.93,19848.40,8237.82
2018-06-08,30533.93,19848.40,8237.82
2018-06-07,30533.93,19848.40,8237.82
2018-06-06,30239.79,19579.93,8238.32
2018-06-05,30233.84,19574.99,8237.82
2018-06-04,30233.84,19574.99,8237.82
2018-06-01,30075.17,19430.42,8237.82
2018-05-31,30043.03,19436.22,8201.57
2018-05-30,29421.63,19043.53,8022.30
2018-05-29,29420.53,19043.53,8021.27
2018-05-28,29109.35,19033.84,7738.28
2018-05-25,29109.35,19033.84,7738.28
2018-05-24,29044.77,18975.00,7738.28
2018-05-23,29074.63,19002.21,7738.28
2018-05-22,28819.22,18779.59,7727.85
2018-05-21,28281.84,18760.42,7241.68
2018-05-18,28280.28,18760.42,7240.21
2018-05-17,27833.14,18737.45,6842.94
2018-05-16,27780.39,18737.45,6793.28
2018-05-15,27780.39,18737.45,6793.28
2018-05-11,27716.55,18726.86,6744.11
2018-05-10,27715.26,18725.68,6744.11
2018-05-09,27588.76,18610.43,6744.11
2018-05-08,27568.89,18592.32,6744.11
2018-05-07,27568.89,18592.32,6744.11
2018-05-04,27092.17,18158.46,6743.62
2018-05-03,27092.17,18158.46,6743.62
2018-05-02,27092.17,18158.46,6743.62
2018-04-30,27092.17,18158.46,6743.62
2018-04-27,27092.17,18158.46,6743.62
2018-04-26,27092.17,18158.46,6743.62
2018-04-25,27039.74,18142.48,6710.76
2018-04-24,26714.45,17846.11,6710.76
2018-04-23,26714.45,17846.11,6710.76
2018-04-20,26714.45,17846.11,6710.76
2018-04-19,26187.04,17846.11,6214.16
2018-04-18,26098.94,17788.62,6190.62
2018-04-17,26075.20,17788.62,6168.28
2018-04-16,26075.14,17788.57,6168.28
2018-04-13,25044.04,17788.57,5197.43
2018-04-12,25000.40,17748.81,5197.43
2018-04-11,25000.40,17748.81,5197.43
2018-04-10,25000.40,17748.81,5197.43
2018-04-09,25009.79,17757.36,5197.43
2018-04-06,25009.79,17757.36,5197.43
2018-04-05,24958.05,17710.22,5197.43
2018-04-04,25320.79,18040.72,5197.43
2018-04-03,25320.79,18040.72,5197.43
2018-03-29,25286.79,18009.73,5197.43
2018-03-28,25016.83,18009.73,4943.25
2018-03-27,25016.30,18009.25,4943.25
2018-03-26,25016.30,18009.25,4943.25
2018-03-23,24997.62,17992.24,4943.25
2018-03-22,24995.55,17990.35,4943.25
2018-03-21,24969.61,17966.71,4943.25
2018-03-20,24917.43,17919.17,4943.25
2018-03-19,24879.71,17914.22,4912.84
2018-03-16,24825.04,17864.42,4912.84
2018-03-15,24825.04,17864.42,4912.84
2018-03-14,24825.04,17864.42,4912.84
2018-03-13,24506.58,17807.32,4671.99
2018-03-12,24480.64,17783.69,4671.99
2018-03-09,24480.64,17783.69,4671.99
2018-03-08,24480.34,17783.42,4671.99
2018-03-07,24407.64,17721.99,4667.03
2018-03-06,23402.46,17735.99,3706.12
2018-03-02,23402.46,17735.99,3706.12
2018-03-01,23182.59,17535.66,3706.12
2018-02-28,23182.59,17535.66,3706.12
2018-02-27,23107.47,17467.22,3706.12
2018-02-26,23068.94,17432.11,3706.12
2018-02-23,23062.14,17425.92,3706.12
2018-02-22,22808.13,17194.49,3706.12
2018-02-21,22807.90,17194.27,3706.12
2018-02-20,22802.62,17194.27,3701.15
2018-02-19,22731.98,17129.91,3701.15
2018-02-16,22731.98,17129.91,3701.15
2018-02-15,22731.98,17129.91,3701.15
2018-02-14,22729.71,17127.85,3701.15
2018-02-13,22662.17,17066.31,3701.15
2018-02-12,22662.17,17066.31,3701.15
2018-02-09,22514.84,16932.07,3701.15
2018-02-08,22514.84,16932.07,3701.15
2018-02-07,22307.13,16766.86,3676.32
2018-02-06,22273.93,16736.61,3676.32
2018-02-05,22260.04,16723.95,3676.32
2018-02-02,22226.04,16692.97,3676.32
2018-02-01,22226.04,16692.97,3676.32
2018-01-31,22223.44,16692.97,3673.87
2018-01-30,22223.44,16692.97,3673.87
2018-01-29,22223.44,16692.97,3673.87
2018-01-26,22212.10,16682.65,3673.87
2018-01-25,22211.58,16682.65,3673.38
2018-01-24,22211.58,16682.65,3673.38
2018-01-23,22186.65,16659.93,3673.38
2018-01-22,22015.57,16504.06,3673.38
2018-01-19,22015.57,16504.06,3673.38
2018-01-18,21974.77,16466.89,3673.38
2018-01-17,21969.50,16466.89,3668.41
2018-01-16,21969.50,16466.89,3668.41
2018-01-12,21889.86,16394.33,3668.41
2018-01-11,21889.86,16394.33,3668.41
2018-01-10,21869.63,16375.90,3668.41
2018-01-09,21869.63,16375.90,3668.41
2018-01-08,21711.40,16375.90,3519.43
2018-01-05,21711.40,16375.90,3519.43
2018-01-04,21711.40,16375.90,3519.43
2018-01-03,21711.40,16375.90,3519.43
2018-01-02,21598.07,16272.64,3519.43
2017-12-29,21598.07,16272.64,3519.43
2017-12-28,21598.07,16272.64,3519.43
2017-12-27,21598.07,16272.64,3519.43
2017-12-22,21598.07,16272.64,3519.43
2017-12-21,21598.07,16272.64,3519.43
2017-12-20,21598.07,16272.64,3519.43
2017-12-19,21597.44,16272.06,3519.43
2017-12-18,21480.98,16168.80,3516.49
2017-12-15,21480.98,16168.80,3516.49
2017-12-14,21480.88,16168.72,3516.49
2017-12-13,21480.88,16168.72,3516.49
2017-12-12,21480.88,16168.72,3516.49
2017-12-11,21480.88,16168.72,3516.49
2017-12-08,21480.88,16168.72,3516.49
2017-12-07,21421.92,16116.32,3516.49
2017-12-06,21189.63,15909.92,3516.49
2017-12-05,21189.04,15909.39,3516.49
2017-12-04,21189.04,15909.39,3516.49
2017-12-01,21189.04,15909.39,3516.49
2017-11-30,21122.43,15850.21,3516.49
2017-11-29,21116.33,15844.79,3516.49
2017-11-28,21116.33,15844.79,3516.49
2017-11-27,21116.33,15844.79,3516.49
2017-11-24,20722.59,15844.84,3094.88
2017-11-23,20722.59,15844.84,3094.88
2017-11-22,20722.59,15844.84,3094.88
2017-11-21,20240.09,15716.61,2732.78
2017-11-20,20326.52,15793.42,2732.78
2017-11-17,20321.89,15793.42,2727.82
2017-11-16,20263.60,15741.62,2727.82
2017-11-15,20263.60,15741.62,2727.82
2017-11-14,20263.60,15741.62,2727.82
2017-11-13,20184.11,15670.99,2727.82
2017-11-10,20184.11,15670.99,2727.82
2017-11-09,20184.11,15670.99,2727.82
2017-11-08,20281.18,15761.36,2722.86
2017-11-07,20251.32,15734.83,2722.86
2017-11-06,20251.22,15734.74,2722.86
2017-11-03,20280.70,15760.94,2722.86
2017-11-02,20280.70,15760.94,2722.86
2017-11-01,20049.06,15760.94,2474.85
2017-10-31,20049.06,15760.94,2474.85
2017-10-30,20049.06,15760.94,2474.85
2017-10-27,20034.82,15748.29,2474.85
2017-10-26,20032.20,15745.96,2474.85
2017-10-25,20022.03,15736.92,2474.85
2017-10-24,19438.09,15218.21,2474.85
2017-10-23,19438.09,15218.21,2474.85
2017-10-20,19436.05,15216.40,2474.85
2017-10-19,19265.14,15064.59,2474.85
2017-10-18,19265.14,15064.59,2474.85
2017-10-17,19219.39,15064.59,2425.75
2017-10-13,19199.05,15046.51,2425.75
2017-10-12,19197.01,15044.71,2425.75
2017-10-11,19186.84,15035.67,2425.75
2017-10-10,19186.25,15035.14,2425.75
2017-10-09,19275.77,15114.67,2425.75
2017-10-06,19591.14,15394.81,2425.75
2017-10-05,19591.14,15394.81,2425.75
2017-10-04,20000.69,15758.61,2425.75
2017-10-03,19925.66,15691.96,2425.75
2017-10-02,19925.66,15691.96,2425.75
2017-09-29,19920.42,15687.31,2425.75
2017-09-28,19822.11,15599.98,2425.75
2017-09-27,19822.11,15599.98,2425.75
2017-09-26,19981.23,15726.49,2425.75
2017-09-25,19998.24,15740.02,2425.75
2017-09-22,19998.24,15740.02,2425.75
2017-09-21,19998.00,15739.83,2425.75
2017-09-20,19975.11,15721.63,2425.75
2017-09-19,19985.82,15730.14,2425.75
2017-09-18,19985.82,15730.14,2425.75
2017-09-15,19948.97,15700.84,2425.75
2017-09-14,19819.44,15597.86,2425.75
2017-09-13,19819.44,15597.86,2425.75
2017-09-12,19978.09,15724.00,2425.75
2017-09-11,19969.21,15716.94,2425.75
2017-09-08,19955.52,15706.05,2425.75
2017-09-07,19953.86,15704.74,2425.75
2017-09-06,19907.81,15668.12,2425.75
2017-09-05,19852.90,15624.46,2425.75
2017-09-04,19850.30,15622.39,2425.75
2017-09-01,20127.25,15842.59,2425.75
2017-08-31,20049.44,15780.73,2425.75
2017-08-30,20049.44,15780.73,2425.75
2017-08-29,19748.48,15541.44,2425.75
2017-08-28,19484.02,15331.17,2425.75
2017-08-25,19484.02,15331.17,2425.75
2017-08-24,19352.18,15232.99,2325.21
2017-08-23,19103.59,15035.34,2325.21
2017-08-22,18852.63,14835.81,2325.21
2017-08-21,18602.91,14637.26,2325.21
2017-08-18,18602.91,14637.26,2325.21
2017-08-17,18570.50,14611.49,2325.21
2017-08-16,18324.68,14416.04,2325.21
2017-08-15,18308.76,14403.39,2325.21
2017-08-14,18104.18,14240.72,2325.21
2017-08-11,18101.06,14238.24,2325.21
2017-08-10,17405.93,13685.55,2325.21
2017-08-09,17247.70,13559.75,2325.21
2017-08-08,17247.70,13559.75,2325.21
2017-08-07,17247.70,13559.75,2325.21
2017-08-04,17067.33,13416.34,2325.21
2017-08-03,17025.29,13382.92,2325.21
2017-08-02,16998.71,13361.78,2325.21
2017-08-01,16877.16,13265.14,2325.21
2017-07-31,16877.16,13265.14,2325.21
2017-07-28,17009.98,13370.74,2325.21
2017-07-27,16935.55,13311.56,2325.21
2017-07-26,16781.97,13189.45,2325.21
2017-07-25,16713.49,13135.00,2325.21
2017-07-24,16693.07,13118.77,2325.21
2017-07-21,16693.07,13118.77,2325.21
2017-07-20,16641.11,13077.41,2325.21
2017-07-19,16400.29,12885.99,2325.21
2017-07-18,16339.82,12837.90,2325.21
2017-07-17,16263.82,12777.48,2325.21
2017-07-14,16245.61,12763.00,2325.21
2017-07-13,16245.61,12763.00,2325.21
2017-07-12,16228.05,12749.04,2325.21
2017-07-11,16198.77,12725.76,2325.21
2017-07-10,16063.48,12618.16,2325.21
2017-07-07,16017.55,12581.64,2325.21
2017-07-05,15985.25,12555.95,2325.21
2017-07-04,15788.80,12399.72,2325.21
2017-07-03,15777.90,12391.05,2325.21
2017-06-30,15772.51,12386.77,2325.21
2017-06-29,15772.51,12386.77,2325.21
2017-06-28,15772.51,12386.77,2325.21
2017-06-27,15767.84,12383.05,2325.21
2017-06-23,15767.84,12383.05,2325.21
2017-06-22,15767.84,12383.05,2325.21
2017-06-21,15767.84,12383.05,2325.21
2017-06-20,15639.08,12280.65,2325.21
2017-06-19,15639.08,12280.65,2325.21
2017-06-16,15639.08,12280.65,2325.21
2017-06-15,15584.91,12237.57,2325.21
2017-06-14,15584.91,12237.57,2325.21
2017-06-13,15580.15,12233.79,2325.21
2017-06-12,15574.22,12229.08,2325.21
2017-06-09,15573.68,12228.65,2325.21
2017-06-08,15573.68,12228.65,2325.21
2017-06-07,15573.68,12228.65,2325.21
2017-06-06,15573.68,12228.65,2325.21
2017-06-05,15573.68,12228.65,2325.21
2017-06-02,15573.68,12228.65,2325.21
2017-06-01,15573.68,12228.65,2325.21
2017-05-31,15573.68,12228.65,2325.21
2017-05-30,15573.68,12228.65,2325.21
2017-05-29,15573.68,12228.65,2325.21
2017-05-26,15595.81,12246.25,2325.21
2017-05-25,15573.68,12228.65,2325.21
2017-05-24,15573.68,12228.65,2325.21
2017-05-23,15573.68,12228.65,2325.21
2017-05-22,15607.80,12255.78,2325.21
2017-05-19,15610.11,12257.62,2325.21
2017-05-18,15610.11,12257.62,2325.21
2017-05-17,15606.11,12254.44,2325.21
2017-05-16,15606.11,12254.44,2325.21
2017-05-12,15606.11,12254.44,2325.21
2017-05-11,15577.67,12232.92,2308.87
2017-05-10,15379.26,12075.13,2308.87
2017-05-09,15362.97,12062.17,2308.87
2017-05-08,15349.86,12051.75,2308.87
2017-05-05,15266.66,11985.58,2308.87
2017-05-04,15206.29,11937.57,2308.87
2017-05-03,15206.29,11937.57,2308.87
2017-05-02,15203.97,11935.73,2308.87
2017-04-28,15203.97,11935.73,2308.87
2017-04-27,15177.45,11914.64,2308.87
2017-04-26,15157.53,11898.80,2308.87
2017-04-25,15157.53,11898.80,2308.87
2017-04-24,15129.75,11876.70,2308.87
2017-04-21,15112.97,11863.36,2308.87
2017-04-20,15112.97,11863.36,2308.87
2017-04-19,15040.15,11805.44,2308.87
2017-04-18,14809.71,11622.18,2308.87
2017-04-13,14724.04,11554.05,2308.87
2017-04-12,14724.04,11554.05,2308.87
2017-04-11,14724.04,11554.05,2308.87
2017-04-10,14577.62,11437.62,2308.87
2017-04-07,14577.62,11437.62,2308.87
2017-04-06,14577.62,11437.62,2308.87
2017-04-05,14577.62,11437.62,2308.87
2017-04-04,14577.62,11437.62,2308.87
2017-04-03,14577.62,11437.62,2308.87
2017-03-31,14577.62,11437.62,2308.87
2017-03-30,14577.62,11437.62,2308.87
2017-03-29,14602.22,11457.18,2308.87
2017-03-28,14602.22,11457.18,2308.87
2017-03-27,14602.22,11457.18,2308.87
2017-03-24,14602.22,11457.18,2308.87
2017-03-23,14355.26,11260.78,2308.87
2017-03-22,14060.20,11045.17,2026.07
2017-03-21,14105.90,11081.51,2026.07
2017-03-20,14105.90,11081.51,2026.07
2017-03-17,14105.90,11081.51,2026.07
2017-03-16,14105.90,11081.51,2026.07
2017-03-15,14105.90,11081.51,2026.07
2017-03-14,14036.44,11026.27,2026.07
2017-03-13,14036.44,11026.27,2026.07
2017-03-10,14036.44,11026.27,2026.07
2017-03-09,14035.90,11025.84,2026.07
2017-03-08,14004.63,11000.97,2026.07
2017-03-07,14004.63,11000.97,2026.07
2017-03-06,13672.69,10736.99,2026.07
2017-03-02,13672.69,10736.99,2026.07
2017-03-01,13635.67,10707.55,2026.07
2017-02-28,13635.67,10707.55,2026.07
2017-02-27,13633.35,10705.71,2026.07
2017-02-24,13589.36,10670.72,2026.07
2017-02-23,13589.36,10670.72,2026.07
2017-02-22,13589.36,10670.72,2026.07
2017-02-21,13589.36,10670.72,2026.07
2017-02-20,13589.36,10670.72,2026.07
2017-02-17,13589.36,10670.72,2026.07
2017-02-16,13579.58,10662.95,2026.07
2017-02-15,13579.58,10662.95,2026.07
2017-02-14,13579.58,10662.95,2026.07
2017-02-13,13579.58,10662.95,2026.07
2017-02-10,13579.58,10662.95,2026.07
2017-02-09,13579.58,10662.95,2026.07
2017-02-08,13579.58,10662.95,2026.07
2017-02-07,13579.58,10662.95,2026.07
2017-02-06,13123.02,10299.86,2026.07
2017-02-03,13108.57,10288.37,2026.07
2017-02-02,13156.35,10326.37,2026.07
2017-02-01,13127.73,10303.61,2026.07
2017-01-31,13127.73,10303.61,2026.07
2017-01-30,13292.26,10434.45,2026.07
2017-01-27,13292.26,10434.45,2026.07
2017-01-26,13250.38,10401.14,2026.07
2017-01-25,13250.38,10401.14,2026.07
2017-01-24,13298.25,10439.21,2026.07
2017-01-23,13298.25,10439.21,2026.07
2017-01-20,13352.09,10482.03,2026.07
2017-01-19,13361.46,10489.48,2026.07
2017-01-18,13361.46,10489.48,2026.07
2017-01-17,13490.89,10592.41,2026.07
2017-01-13,13488.57,10590.57,2026.07
2017-01-12,13362.34,10490.18,2026.07
2017-01-11,13366.97,10493.86,2026.07
2017-01-10,13366.52,10493.51,2026.07
2017-01-09,13359.63,10488.03,2026.07
2017-01-06,13359.63,10488.03,2026.07
2017-01-05,13355.00,10484.35,2026.07
2017-01-04,13355.24,10484.54,2026.07
2017-01-03,13320.51,10456.92,2026.07
2016-12-30,13320.51,10456.92,2026.07
2016-12-29,13320.51,10456.92,2026.07
2016-12-28,13320.51,10456.92,2026.07
2016-12-23,13320.51,10456.92,2026.07
2016-12-22,13082.32,10267.50,2026.07
2016-12-21,12910.98,10131.24,2026.07
2016-12-20,12863.38,10093.38,2026.07
2016-12-19,12861.07,10091.54,2026.07
2016-12-16,12861.07,10091.54,2026.07
2016-12-15,12861.07,10091.54,2026.07
2016-12-14,12861.07,10091.54,2026.07
2016-12-13,12890.01,10114.56,2026.07
2016-12-12,12882.80,10108.82,2026.07
2016-12-09,12882.80,10108.82,2026.07
2016-12-08,12882.80,10108.82,2026.07
2016-12-07,12875.85,10103.29,2026.07
2016-12-06,12875.85,10103.29,2026.07
2016-12-05,12875.85,10103.29,2026.07
2016-12-02,12875.85,10103.29,2026.07
2016-12-01,12875.85,10103.29,2026.07
2016-11-30,12875.85,10103.29,2026.07
2016-11-29,12863.13,10093.18,2026.07
2016-11-28,12889.99,10114.54,2026.07
2016-11-25,12889.99,10114.54,2026.07
2016-11-24,12889.99,10114.54,2026.07
2016-11-23,13297.38,10438.52,2026.07
2016-11-22,13459.46,10567.42,2026.07
2016-11-21,13482.61,10585.83,2026.07
2016-11-18,13482.61,10585.83,2026.07
2016-11-17,13399.37,10519.61,2026.07
2016-11-16,13481.94,10585.30,2026.07
2016-11-15,13482.48,10585.72,2026.07
2016-11-14,13482.48,10585.72,2026.07
2016-11-11,13410.99,10528.86,2026.07
2016-11-10,13419.87,10535.92,2026.07
2016-11-09,13584.54,10666.90,2026.07
2016-11-08,13604.15,10682.50,2026.07
2016-11-07,13604.15,10682.50,2026.07
2016-11-04,13721.77,10776.06,2026.07
2016-11-03,13765.53,10810.87,2026.07
2016-11-02,13765.53,10810.87,2026.07
2016-11-01,13797.80,10836.54,2026.07
2016-10-31,13782.48,10824.35,2026.07
2016-10-28,13682.91,10745.15,2026.07
2016-10-27,13671.17,10735.81,2026.07
2016-10-26,13671.17,10735.81,2026.07
2016-10-25,13671.17,10735.81,2026.07
2016-10-24,13671.06,10735.73,2026.07
2016-10-21,13636.17,10707.97,2026.07
2016-10-20,13724.39,10778.14,2026.07
2016-10-19,13712.99,10769.08,2026.07
2016-10-18,13712.99,10769.08,2026.07
2016-10-14,13712.99,10769.08,2026.07
2016-10-13,13712.99,10769.08,2026.07
2016-10-12,13725.21,10778.79,2026.07
2016-10-11,13711.75,10768.09,2026.07
2016-10-10,13615.34,10691.41,2026.07
2016-10-07,13634.16,10706.38,2026.07
2016-10-06,13634.16,10706.38,2026.07
2016-10-05,13634.16,10706.38,2026.07
2016-10-04,13744.12,10793.84,2026.07
2016-10-03,13744.12,10793.84,2026.07
2016-09-30,13744.12,10793.84,2026.07
2016-09-29,13744.12,10793.84,2026.07
2016-09-28,13741.44,10791.71,2026.07
2016-09-27,13741.44,10791.71,2026.07
2016-09-26,13741.44,10791.71,2026.07
2016-09-23,13631.48,10704.24,2026.07
2016-09-22,13631.48,10704.24,2026.07
2016-09-21,13631.48,10704.24,2026.07
2016-09-20,13631.48,10704.24,2026.07
2016-09-19,13497.59,10615.80,1762.13
2016-09-16,13489.92,10609.70,1762.13
2016-09-15,13303.82,10461.67,1762.13
2016-09-14,13301.57,10459.88,1762.13
2016-09-13,13303.82,10461.67,1762.13
2016-09-12,13257.55,10424.86,1762.13
2016-09-09,13257.55,10424.86,1762.13
2016-09-08,13175.21,10359.37,1762.13
2016-09-07,13175.21,10359.37,1762.13
2016-09-06,13175.21,10359.37,1762.13
2016-09-05,13175.21,10359.37,1762.13
2016-09-02,13175.21,10359.37,1762.13
2016-09-01,13175.21,10359.37,1762.13
2016-08-31,13174.36,10358.69,1762.13
2016-08-30,13174.36,10358.69,1762.13
2016-08-29,13174.36,10358.69,1762.13
2016-08-26,13174.36,10358.69,1762.13
2016-08-25,13174.36,10358.69,1762.13
2016-08-24,13174.36,10358.69,1762.13
2016-08-23,13165.95,10352.00,1762.13
2016-08-22,13165.95,10352.00,1762.13
2016-08-19,13165.26,10351.46,1762.13
2016-08-18,13165.26,10351.46,1762.13
2016-08-17,12950.34,10180.51,1762.13
2016-08-16,12913.40,10151.12,1762.13
2016-08-15,12913.40,10151.12,1762.13
2016-08-08,13130.66,10323.93,1762.13
2016-08-05,13130.66,10323.93,1762.13
2016-08-04,13130.66,10323.93,1762.13
2016-08-03,13381.50,10523.46,1762.13
2016-08-02,13381.50,10523.46,1762.13
2016-08-01,13381.50,10523.46,1762.13
2016-07-29,13381.50,10523.46,1762.13
2016-07-28,13381.50,10523.46,1762.13
2016-07-27,13161.58,10348.53,1762.13
2016-07-26,13161.58,10348.53,1762.13
2016-07-25,13069.83,10275.55,1762.13
2016-07-22,13069.83,10275.55,1762.13
2016-07-21,13001.61,10221.29,1762.13
2016-07-20,13001.61,10221.29,1762.13
2016-07-19,12877.65,10122.68,1762.13
2016-07-18,12856.47,10105.84,1762.13
2016-07-15,12856.47,10105.84,1762.13
2016-07-14,12856.47,10105.84,1762.13
2016-07-12,12929.79,10164.15,1762.13
2016-07-11,12929.79,10164.15,1762.13
2016-07-08,12929.73,10164.11,1762.13
2016-07-05,12929.73,10164.11,1762.13
2016-07-04,12929.73,10164.11,1762.13
2016-07-01,12927.37,10162.23,1762.13
2016-06-30,13126.13,10320.33,1762.13
2016-06-29,13126.13,10320.33,1762.13
2016-06-28,12887.38,10130.42,1762.13
2016-06-27,12887.38,10130.42,1762.13
2016-06-24,12887.38,10130.42,1762.13
2016-06-23,12887.38,10130.42,1762.13
2016-06-22,12800.34,10061.19,1762.13
2016-06-21,12800.34,10061.19,1762.13
2016-06-20,12800.34,10061.19,1762.13
2016-06-17,12806.31,10065.94,1762.13
2016-06-16,12806.31,10065.94,1762.13
2016-06-15,12827.62,10082.89,1762.13
2016-06-14,12825.10,10080.89,1762.13
2016-06-13,12827.62,10082.89,1762.13
2016-06-10,12827.62,10082.89,1762.13
2016-06-09,12827.62,10082.89,1762.13
2016-06-08,12827.62,10082.89,1762.13
2016-06-07,12827.62,10082.89,1762.13
2016-06-06,12823.24,10079.40,1762.13
2016-06-03,12823.24,10079.40,1762.13
2016-06-02,12846.60,10097.98,1762.13
2016-06-01,12813.66,10071.79,1762.13
2016-05-31,12814.18,10072.19,1762.13
2016-05-30,12814.18,10072.19,1762.13
2016-05-27,12793.72,10055.92,1762.13
2016-05-26,12719.70,9997.04,1762.13
2016-05-25,12692.33,9975.27,1762.13
2016-05-24,12692.33,9975.27,1762.13
2016-05-23,12577.06,9883.58,1762.13
2016-05-20,12477.55,9804.43,1762.13
2016-05-19,12477.55,9804.43,1762.13
2016-05-18,12477.55,9804.43,1762.13
2016-05-17,12477.55,9804.43,1762.13
2016-05-13,12514.20,9833.59,1762.13
2016-05-12,12534.66,9849.86,1762.13
2016-05-11,12652.28,9943.42,1762.13
2016-05-10,12682.97,9967.83,1762.13
2016-05-09,12682.97,9967.83,1762.13
2016-05-06,12682.97,9967.83,1762.13
2016-05-05,12686.29,9970.47,1762.13
2016-05-04,12838.01,10091.15,1762.13
2016-05-03,12838.01,10091.15,1762.13
2016-04-28,12861.07,10109.50,1762.13
2016-04-27,13005.16,10224.11,1762.13
2016-04-26,12838.01,10091.15,1762.13
2016-04-25,12838.01,10091.15,1762.13
2016-04-22,12838.01,10091.15,1762.13
2016-04-21,12834.34,10088.23,1762.13
2016-04-20,12911.04,10149.24,1762.13
2016-04-19,12911.04,10149.24,1762.13
2016-04-18,12911.04,10149.24,1762.13
2016-04-15,12906.65,10145.75,1762.13
2016-04-14,12906.65,10145.75,1762.13
2016-04-13,12884.78,10128.35,1762.13
2016-04-12,12906.29,10145.47,1762.13
2016-04-11,12906.29,10145.47,1762.13
2016-04-08,13407.30,10543.98,1762.13
2016-04-07,13407.30,10543.98,1762.13
2016-04-06,13407.30,10543.98,1762.13
2016-04-05,13407.30,10543.98,1762.13
2016-04-04,13419.95,10554.04,1762.13
2016-04-01,13419.95,10554.04,1762.13
2016-03-31,13419.95,10554.04,1762.13
2016-03-30,13419.95,10554.04,1762.13
2016-03-29,13471.65,10595.16,1762.13
2016-03-24,13471.65,10595.16,1762.13
2016-03-23,13471.65,10595.16,1762.13
2016-03-22,13471.65,10595.16,1762.13
2016-03-21,13471.65,10595.16,1762.13
2016-03-18,13493.53,10612.56,1762.13
2016-03-16,13898.54,10934.72,1762.13
2016-03-15,13898.54,10934.72,1762.13
2016-03-14,13898.54,10934.72,1762.13
2016-03-10,13898.54,10934.72,1762.13
2016-03-09,13996.97,11013.02,1762.13
2016-03-08,13996.97,11013.02,1762.13
2016-03-07,13996.97,13996.97,1762.13
2016-03-04,14020.65,11031.85,1762.13
2016-03-02,14020.65,11031.85,1762.13
2016-02-29,14263.58,11225.08,1762.13
2016-02-25,14242.45,11208.27,1762.13
2016-02-24,14242.45,11208.27,1762.13
2016-02-23,14278.39,11236.86,1762.13
2016-02-22,14344.20,11289.21,1762.13
2016-02-19,14360.00,11301.77,1762.13
2016-02-18,14360.00,11301.77,1762.13
2016-02-17,14360.00,11301.77,1762.13
2016-02-16,14360.00,11301.77,1762.13
2016-02-15,14360.00,11301.77,1762.13
2016-02-12,14360.00,11301.77,1762.13
2016-02-11,14360.00,11301.77,1762.13
2016-02-10,14360.00,11345.27,1762.13
2016-02-09,14414.69,11345.27,1762.13
2016-02-08,14414.69,11345.27,1762.13
2016-02-05,14414.69,11365.60,1762.13
2016-02-04,14440.24,11365.60,1762.13
2016-02-03,14440.24,11365.60,1762.13
2016-02-02,14440.24,11365.60,1762.13
2016-02-01,14440.24,11365.60,1762.13
2016-01-29,14440.24,11365.60,1762.13
2016-01-28,14440.24,11459.07,1762.13
2016-01-26,14557.75,11459.07,1762.13
2016-01-25,14557.75,11459.07,1762.13
2016-01-22,14557.75,11458.59,1762.13
2016-01-21,14557.15,11458.59,1762.13
2016-01-20,14557.15,11462.87,1762.13
2016-01-18,14562.53,9890.66,1762.13
2016-01-14,12581.74,11462.87,1709.34
2016-01-13,14562.53,11462.87,1762.13
2016-01-12,14562.53,11462.87,1762.13
2016-01-11,14562.53,11462.87,1762.13
2016-01-08,14562.53,11462.87,1762.13
2016-01-07,14562.53,11462.87,1762.13
2016-01-06,14562.53,11462.87,1762.13
2016-01-05,14562.53,11462.87,1762.13
2016-01-04,14562.53,11462.87,1762.13
2015-12-31,14562.53,11462.87,1762.13
2015-12-24,14562.53,11462.87,1762.13
2015-12-18,14562.53,11492.30,1762.13
2015-12-11,14599.53,11708.68,1762.13
2015-12-04,14871.56,11708.68,1762.13
2015-11-30,14871.56,11907.93,1762.13
2015-11-27,15122.06,11907.93,1762.13
2015-11-20,15122.06,11907.93,1762.13
2015-11-13,15122.06,11907.93,1762.13
2015-11-06,15122.06,12075.48,1762.13
2015-10-30,15332.70,12075.48,1762.13
2015-10-23,15332.70,12066.93,1762.13
2015-10-16,15321.95,12084.48,1762.13
2015-10-09,15344.02,12463.07,1762.13
2015-10-02,15819.98,12466.81,1762.13
2015-09-30,15824.68,12459.32,1762.13
2015-09-25,15815.26,12432.17,1762.13
2015-09-18,15781.13,12533.74,1762.13
2015-09-11,15908.82,12528.39,1762.13
2015-09-04,15902.10,12485.98,1762.13
2015-08-31,15848.78,12485.98,1762.13
2015-08-28,15848.78,12451.20,1762.13
2015-08-21,15805.06,12537.77,1762.13
2015-08-14,15913.90,12647.38,1762.13
2015-08-07,16051.70,12651.59,1762.13
2015-07-31,16056.99,12660.85,1762.13
2015-07-24,16068.63,12660.85,1762.13
2015-07-17,16068.63,12666.13,1762.13
2015-07-10,16075.26,12665.43,1762.13
2015-07-03,16074.39,12615.53,1762.13
2015-06-30,16011.65,12615.53,1762.13
2015-06-26,16011.65,12601.05,1762.13
2015-06-19,15993.45,12598.36,1762.13
2015-06-12,15990.07,12607.08,1762.13
2015-06-05,16001.03,12718.82,1762.13
2015-05-29,16141.51,12707.43,1762.13
2015-05-22,16127.19,12645.07,1762.13
2015-05-15,16048.80,12627.06,1762.13
2015-05-08,16026.15,12625.84,1762.13
2015-04-30,16024.62,12546.79,1762.13
2015-04-24,15925.24,12418.99,1762.13
2015-04-17,15764.56,12215.43,1762.13
2015-04-10,15508.65,12098.41,1762.13
2015-04-02,15361.54,12100.77,1762.13
2015-03-31,15364.50,12100.77,1762.13
2015-03-27,15364.50,11745.57,1762.13
2015-03-20,14917.94,11743.65,1762.13
2015-03-13,14915.52,11787.78,1762.13
2015-03-06,14971.01,11787.78,1762.13
2015-02-27,14971.01,11782.79,1762.13
2015-02-20,14964.74,11780.54,1762.13
2015-02-13,14961.90,11780.30,1762.13
2015-02-06,14961.60,11765.26,1762.13
2015-01-30,14942.70,11764.14,1762.13
2015-01-23,14941.07,11735.44,1759.61
2015-01-16,14904.99,11735.44,1759.61
2015-01-09,14904.99,11720.43,1759.61
2015-01-02,14886.12,11720.43,1759.61
2014-12-31,14886.12,11720.43,1759.61
2014-12-26,14886.12,11714.20,1759.61
2014-12-19,14878.29,11713.78,1759.61
2014-12-12,14877.75,11554.75,1759.61
2014-12-05,14677.82,11514.25,1759.61
2014-11-28,14626.91,11514.25,1759.61
2014-11-21,14625.73,11266.82,1745.85
2014-11-14,14314.64,11191.67,1745.79
2014-11-07,14220.16,11118.15,1745.79
2014-10-31,14127.41,11104.47,1742.21
2014-10-24,14110.22,11062.08,1742.21
2014-10-17,14056.92,11052.41,1742.21
2014-10-10,14044.76,11044.19,1742.21
2014-10-03,14034.43,11040.46,1742.21
2014-09-30,14029.74,11030.79,1742.21
2014-09-26,14017.58,10984.75,1742.21
2014-09-19,13959.70,10923.99,1742.21
2014-09-12,13883.31,10807.86,1742.21
2014-09-05,13737.30,10807.86,1742.21
2014-08-29,13737.30,10725.15,1742.21
2014-08-22,13633.32,10715.47,1742.21
2014-08-15,13621.15,10650.71,1742.21
2014-08-08,13539.73,10650.54,1742.21
2014-08-01,13539.39,10650.54,1740.76
2014-07-31,13539.39,10594.54,1740.76
2014-07-25,13468.99,10580.55,1740.76
2014-07-18,13451.40,10554.03,1740.76
2014-07-11,13418.05,10553.56,1740.76
2014-07-04,13417.47,10553.56,1740.76
2014-06-30,13417.47,10553.56,1740.76
2014-06-27,13417.47,10485.95,1740.76
2014-06-20,13332.47,10413.42,1740.76
2014-06-13,13241.27,10410.79,1740.76
2014-06-06,13237.97,10409.40,1740.76
2014-05-30,13233.53,10328.86,1709.34
2014-05-23,13132.27,10314.23,1709.34
2014-05-16,13113.87,10306.04,1709.34
2014-05-09,13103.58,10294.49,1709.34
2014-05-02,13089.06,10293.23,1709.34
2014-04-30,13087.48,10379.88,1709.34
2014-04-25,13196.40,10379.54,1709.34
2014-04-17,13195.96,10370.56,1709.34
2014-04-11,13184.68,10214.67,1709.34
2014-04-04,12988.73,10050.98,1709.34
2014-03-31,12782.98,10006.83,1709.34
2014-03-28,12727.48,9957.47,1709.34
2014-03-21,12665.43,9945.39,1709.34
2014-03-14,12650.25,9955.11,1709.34
2014-03-07,12662.47,9954.42,1709.34
2014-02-28,12661.60,9954.42,1709.34
2014-02-21,12661.60,9954.42,1709.34
2014-02-14,12661.60,9954.42,1709.34
2014-02-07,12661.60,9942.58,1709.34
2014-01-31,12646.78,9913.02,1709.34
2014-01-24,12609.74,9890.66,1709.34
2014-01-17,12581.74,9890.66,1709.34
2014-01-10,12581.74,9850.19,1709.34
2014-01-03,12531.04,9850.19,1709.34
2013-12-31,12531.04,9850.19,1709.34
2013-12-27,12531.04,9850.19,1709.34
2013-12-20,12531.04,9850.19,1709.34
2013-12-13,12531.04,9789.11,1709.34
2013-12-06,12454.53,9759.96,1709.34
2013-11-29,12416.60,9717.31,1696.77
2013-11-22,12363.18,9556.99,1696.77
2013-11-15,12160.93,9638.90,1684.20
2013-11-08,12263.54,9603.54,1684.20
2013-11-01,12219.25,9603.54,1684.20
2013-10-31,12219.25,9467.68,1684.20
2013-10-25,12049.06,9429.73,1684.20
2013-10-18,12001.52,9130.43,1684.20
2013-10-11,11626.61,8376.30,1684.20
2013-10-04,10638.34,8349.65,1296.46
2013-09-30,10604.97,8349.14,1296.46
2013-09-27,10604.33,8286.86,1296.46
2013-09-20,10526.31,8083.73,1296.46
2013-09-13,10271.86,7804.33,1296.46
2013-09-06,9921.87,7774.86,1296.46
2013-08-30,9884.95,6499.34,1296.46
2013-08-23,8287.17,6139.88,1296.46
2013-08-16,7836.83,5861.26,1295.83
2013-08-09,7483.43,5705.97,1256.86
2013-08-02,7288.91,5696.53,1256.86
2013-07-31,7277.08,5696.53,1256.86
2013-07-26,7277.08,5586.62,1256.86
2013-07-19,7125.41,5556.17,1132.44
2013-07-12,7087.12,5428.05,1131.18
2013-07-05,6926.63,5418.32,1131.18
2013-06-28,6914.45,5408.87,1131.18
2013-06-21,6902.61,5332.74,1131.18
2013-06-14,6807.25,5239.79,1131.18
2013-06-07,6688.84,5130.97,1113.58
2013-05-31,6552.53,5020.37,1113.58
2013-05-24,6413.98,5016.34,1113.58
2013-05-17,6408.93,4989.85,1113.58
2013-05-10,6375.75,4989.82,1113.58
2013-05-03,6374.87,4978.43,1106.40
2013-04-30,6360.60,4959.44,1106.40
2013-04-26,6335.40,4958.91,1093.47
2013-04-19,6334.73,4961.08,1093.47
2013-04-12,6337.45,4974.84,1093.47
2013-04-05,6354.69,4966.77,1093.47
2013-03-29,6344.58,5019.24,1093.47
2013-03-22,6407.48,4984.59,1068.34
2013-03-15,6364.07,4768.96,1068.34
2013-03-08,6082.65,4768.96,967.79
2013-03-01,6082.65,4763.98,967.79
2013-02-28,6076.41,4772.40,967.79
2013-02-22,6086.97,4759.56,967.79
2013-02-15,6070.88,4759.56,967.79
2013-02-08,6070.88,4732.24,967.79
2013-02-01,6026.76,4732.24,879.81
2013-01-31,6023.94,4717.41,854.67
2013-01-25,6005.36,4711.77,854.67
2013-01-18,5998.30,4711.77,854.67
2013-01-11,5998.30,4723.34,854.67
2013-01-04,6012.79,4725.51,854.67
2012-12-31,6015.51,4725.51,854.67
2012-12-28,6015.51,4741.75,854.67
2012-12-21,6035.86,4729.72,854.67
2012-12-14,6016.55,4701.26,816.96
2012-12-07,5973.83,4668.57,754.12
2012-11-30,5932.88,4674.76,754.12
2012-11-23,5940.64,4626.22,754.12
2012-11-16,5879.83,4631.02,754.12
2012-11-09,5885.84,4653.79,754.12
2012-11-02,5914.37,4655.07,754.12
2012-10-31,5915.97,4655.07,754.12
2012-10-26,5915.97,4655.07,754.12
2012-10-19,5915.97,4648.25,754.12
2012-10-12,5907.42,4648.25,754.12
2012-10-05,5907.42,4669.08,754.12
2012-09-28,5926.44,4669.08,691.28
2012-09-21,5926.44,4679.99,691.28
2012-09-14,5939.41,4710.27,684.99
2012-09-07,5977.33,4702.20,684.99
2012-08-31,5967.23,4697.74,684.99
2012-08-24,5961.65,4702.20,684.99
2012-08-17,5967.23,4700.34,684.99
2012-08-10,5964.90,4702.61,684.99
2012-08-03,5967.75,4702.61,684.99
2012-07-31,5964.21,4724.70,653.57
2012-07-27,5991.88,4724.70,653.57
2012-07-20,5991.88,4724.70,653.57
2012-07-13,5991.88,4717.88,653.57
2012-07-06,5983.34,4717.88,653.57
2012-06-29,5983.34,4695.24,653.57
2012-06-22,5954.98,4686.16,653.57
2012-06-15,5943.60,4643.08,653.57
2012-06-08,5886.82,4643.08,628.43
2012-06-01,5886.82,4643.08,628.43
2012-05-31,5886.82,4638.74,628.43
2012-05-25,5875.58,4632.64,576.90
2012-05-18,5867.94,4619.16,576.90
2012-05-11,5851.05,4554.96,576.90
2012-05-04,5770.63,4549.36,576.90
2012-04-30,5763.62,4549.36,576.90
2012-04-27,5763.62,4585.52,576.90
2012-04-20,5808.91,4508.20,576.90
2012-04-13,5712.06,4474.37,576.90
2012-04-06,5669.69,4474.37,576.90
2012-03-30,5667.12,4349.56,576.90
2012-03-23,5512.07,4322.77,565.59
2012-03-16,5478.51,4291.63,565.59
2012-03-09,5438.80,4291.63,559.30
2012-03-02,5437.39,4291.63,546.74
2012-02-29,5437.39,4291.63,546.74
2012-02-17,5437.39,4291.63,546.74
2012-02-10,5437.39,4329.61,546.74
2012-02-03,5483.68,4307.52,535.42
2012-01-31,5465.01,4220.33,535.42
2012-01-27,5346.80,4238.30,535.42
2012-01-20,5369.30,4236.92,535.42
2012-01-13,5367.58,4331.51,535.42
2012-01-06,5360.80,4245.94,535.42
2011-12-30,5378.87,4245.94,535.42
2011-12-23,5378.87,4245.94,535.42
2011-12-16,5378.87,4245.94,535.42
2011-12-09,5378.87,4245.94,535.42
2011-12-02,5378.87,4245.94,535.42
2011-11-30,5378.87,4245.94,535.42
2011-11-25,5378.87,4245.94,535.42
2011-11-18,5378.87,4110.39,535.42
2011-11-11,5209.09,3974.84,535.42
2011-11-04,5039.30,3974.84,535.42
2011-10-31,5039.30,3974.84,535.42
2011-10-28,5039.30,3973.38,535.42
2011-10-21,5037.47,3973.38,535.42
2011-10-14,5037.47,3966.49,535.42
2011-10-07,5027.27,3966.49,521.60
2011-09-30,5027.27,3944.25,521.60
2011-09-23,4999.42,3917.47,521.60
2011-09-16,4965.87,3902.16,521.60
2011-09-09,4946.70,3869.64,521.60
2011-09-02,4905.96,3869.64,521.60
2011-08-26,4905.96,3850.51,521.60
2011-08-19,4882.00,3860.44,521.60
2011-08-12,4890.89,3860.44,490.18
2011-08-05,4890.18,3887.14,483.89
2011-07-29,4922.90,3887.14,477.61
2011-07-22,4922.90,3887.14,477.61
2011-07-15,4922.90,3887.14,477.61
2011-07-08,4922.90,3878.68,477.61
2011-07-01,4912.30,3878.68,477.61
2011-06-30,4912.30,3862.76,477.61
2011-06-24,4890.94,3861.77,465.04
2011-06-17,4889.70,3861.77,465.04
2011-06-10,4889.70,3845.51,465.04
2011-06-03,4865.06,3889.11,427.33
2011-05-27,4919.67,3880.12,427.33
2011-05-20,4908.42,3876.17,427.33
2011-05-13,4903.47,3830.82,427.33
2011-05-06,4844.82,3855.94,410.99
2011-04-29,4876.28,3853.32,410.99
2011-04-22,4873.00,3853.08,410.99
2011-04-15,4871.27,3841.59,398.42
2011-04-08,4856.88,3842.44,398.42
2011-04-01,4857.94,3846.81,398.42
2011-03-31,4863.41,3842.44,398.42
2011-03-25,4857.94,3866.63,398.42
2011-03-18,4883.26,3874.23,354.43
2011-03-11,4892.78,3916.77,354.43
2011-03-04,4946.05,3875.17,354.43
2011-02-25,4893.96,3847.67,353.97
2011-02-18,4859.27,3815.56,351.92
2011-02-11,4819.06,3753.71,351.92
2011-02-04,4741.59,3677.47,351.92
2011-01-28,4646.09,3696.32,351.92
2011-01-21,4669.70,3695.26,351.92
2011-01-14,4668.37,3720.01,351.92
2011-01-07,4699.37,3761.20,351.92
2010-12-31,4750.97,3720.34,351.92
2010-12-24,4699.78,3735.50,351.92
2010-12-17,4718.78,3593.56,351.92
2010-12-10,4540.98,3555.39,351.92
2010-12-03,4493.18,3779.32,351.92
2010-11-26,4773.66,3813.98,351.92
2010-11-19,4817.08,3749.16,351.92
2010-11-12,4734.63,3722.85,340.80
2010-11-05,4701.67,3761.57,340.80
2010-10-29,4749.31,3880.95,333.07
2010-10-22,4897.49,3787.59,321.75
2010-10-15,4781.89,3774.13,333.07
2010-10-08,4763.75,3784.82,321.76
2010-10-01,4777.14,3787.77,321.76
2010-09-30,4780.84,3772.48,321.76
2010-09-24,4761.69,3787.40,321.76
2010-09-17,4780.38,3737.36,321.76
2010-09-10,4717.70,3725.68,321.76
2010-09-03,4703.07,3837.83,321.76
2010-08-27,4843.54,3856.50,321.76
2010-08-20,4866.53,3872.50,318.16
2010-08-13,4886.12,3872.29,314.22
2010-08-06,4886.31,3872.50,318.16
2010-07-30,4886.12,3833.69,314.22
2010-07-23,4837.51,3817.38,314.22
2010-07-16,4817.08,3817.44,314.22
2010-07-09,4817.15,3814.76,314.22
2010-07-02,4813.80,3815.49,314.22
2010-06-30,4814.71,3815.28,314.22
2010-06-25,4814.44,3803.66,314.22
2010-06-18,4799.90,3822.11,314.22
2010-06-11,4823.00,3763.15,314.22
2010-06-04,4749.14,3761.55,314.22
2010-05-28,4747.14,3725.04,314.22
2010-05-21,4701.41,3704.81,314.22
2010-05-14,4676.07,3743.35,314.22
2010-05-07,4724.35,3819.76,314.22
2010-04-30,4820.06,3830.22,314.22
2010-04-23,4833.16,3825.63,314.22
2010-04-16,4827.41,3698.74,314.22
2010-04-09,4668.47,3701.59,314.22
2010-03-31,4672.04,3718.14,314.22
2010-03-26,4692.78,3698.66,314.22
2010-03-19,4668.37,3679.26,314.22
2010-03-12,4644.07,3713.75,314.22
2010-03-05,4687.27,3778.68,314.22
2010-02-26,4767.60,3826.73,314.22
2010-02-19,4828.79,3750.82,314.22
2010-02-12,4733.70,3750.82,314.22
2010-02-05,4828.84,3879.50,314.22
2010-01-29,4894.89,3856.89,314.22
2010-01-22,4866.57,3839.16,314.22
2010-01-15,4844.36,3896.95,314.22
2010-01-08,4916.75,3997.72,314.22
2009-12-31,5042.97,4078.59,314.22
2009-12-24,5144.26,3893.24,314.22
2009-12-18,4912.10,3918.28,314.22
2009-12-11,4940.98,3845.85,292.22
2009-12-04,4848.48,3989.37,276.51
2009-11-27,5026.83,3973.09,263.94
2009-11-20,5006.44,3858.30,263.94
2009-11-13,4862.66,3902.28,263.94
2009-11-06,4916.32,3938.20,251.37
2009-10-29,4559.25,3708.77,233.09
2009-10-23,4671.09,3614.64,226.24
2009-10-16,4553.20,3614.64,226.24
2009-10-09,4553.20,3609.57,226.24
2009-10-02,4546.83,3941.28,226.24
2009-09-30,4962.21,3542.87,226.23
2009-09-25,4463.29,3878.61,226.24
2009-09-18,4883.83,3818.52,226.24
2009-09-11,4808.57,3885.74,226.24
2009-09-04,4892.77,3806.06,226.24
2009-08-28,4792.96,3532.81,226.24
2009-08-21,4450.69,3533.02,226.24
2009-08-14,4450.96,3573.78,226.24
2009-08-07,4502.01,3609.76,226.24
2009-07-30,4547.08,3681.96,226.24
2009-07-24,4637.52,3883.16,226.24
2009-07-17,4889.53,3790.86,226.24
2009-07-10,4773.92,3604.64,226.24
2009-07-03,4540.67,3710.05,226.24
2009-06-30,4672.70,3710.05,226.24
2009-06-26,4672.70,3816.56,226.24
2009-06-19,4886.11,3879.80,226.24
2009-06-12,4885.33,3730.66,226.24
2009-06-05,4698.52,3844.70,226.24
2009-05-29,4841.36,3931.87,226.24
2009-05-22,4948.42,3621.56,207.38
2009-05-15,4559.73,3834.04,207.38
2009-05-08,4830.85,3834.04,251.37
2009-05-01,4830.85,3855.83,251.37
2009-04-30,4858.15,3930.58,251.37
2009-04-24,4951.77,3961.98,251.37
2009-04-17,4991.10,3953.98,251.37
2009-04-10,4981.01,3781.72,251.37
2009-04-03,4765.44,3746.79,251.37
2009-03-31,4721.56,3746.79,251.37
2009-03-27,4721.56,3987.37,251.37
2009-03-20,5022.91,3966.71,251.37
2009-03-13,4997.03,3955.99,251.37
2009-03-06,4983.60,4090.26,251.37
2009-02-27,5151.79,4200.99,251.37
2009-02-20,5321.01,4291.66,521.60
2009-02-13,5434.59,4185.15,521.60
2009-02-06,5301.16,4220.02,521.60
2009-01-30,5344.85,4405.44,521.60
2009-01-23,5577.10,4533.64,521.60
2009-01-16,5737.67,4788.52,521.60
2009-01-09,6056.93,4798.06,521.60
2009-01-02,6068.88,4734.87,521.60
2008-12-31,5989.73,1.60,521.60
2008-12-26,6079.82,4834.88,521.60
2008-12-19,6115.01,4906.84,521.60
2008-12-12,6205.14,4927.02,521.60
2008-12-05,6230.42,4915.61,521.60
2008-11-28,6216.13,4927.51,521.60
2008-11-21,6231.03,5059.72,521.60
2008-11-14,6396.64,5040.78,521.60
2008-11-07,6372.91,5040.54,521.60
2008-10-31,6372.62,4703.42,521.60
2008-10-24,5950.72,5034.86,521.59
2008-10-17,6365.49,5035.18,521.60
2008-10-10,6365.90,5024.60,521.60
2008-10-03,6352.64,4999.54,521.60
2008-09-26,6321.26,4951.91,521.60
2008-09-19,6261.60,4934.26,521.60
2008-09-12,6239.49,4873.87,521.60
2008-09-05,6163.85,4881.52,521.60
2008-08-29,6173.42,4877.67,521.60
2008-08-22,6168.60,4823.00,521.60
2008-08-15,6100.13,4844.62,521.60
2008-08-08,6127.21,4814.14,521.60
2008-08-01,6122.84,4822.91,521.60
2008-07-25,6100.01,4822.91,521.60
2008-07-18,6100.01,4773.52,521.60
2008-07-11,6038.15,4766.36,521.60
2008-07-04,6029.18,4753.59,521.60
2008-06-27,6013.18,4750.13,521.60
2008-06-20,6008.86,4744.87,521.60
2008-06-13,6002.26,4747.05,521.60
2008-06-06,6004.99,4744.21,521.60
2008-05-30,6001.43,4740.46,521.60
2008-05-23,5996.87,4724.23,521.60
2008-05-16,5976.41,4513.57,521.60
2008-05-09,5884.78,4453.31,521.60
2008-05-02,5782.89,4546.92,521.60
2008-04-25,5754.32,4489.46,521.60
2008-04-18,5682.34,4454.77,521.60
2008-04-11,5638.89,4433.55,521.60
2008-04-04,5612.30,4382.29,521.60
2008-03-31,5548.10,4382.29,521.60
2008-03-28,5548.10,4373.35,521.60
2008-03-21,5536.91,4370.98,521.60
2008-03-14,5533.94,4311.29,521.60
2008-03-07,5459.17,4311.91,521.60
2008-02-29,5459.95,4306.23,521.60
2008-02-22,5452.83,3880.38,521.60
2008-02-15,4920.97,4281.40,521.59
2008-02-08,5421.73,4284.07,521.60
2008-02-01,5425.07,4214.49,521.60
2008-01-25,5337.92,4222.57,521.60
2008-01-18,5348.04,4222.58,521.60
2008-01-11,5348.05,4222.33,521.60
2008-01-04,5347.74,3823.49,521.60
2007-12-28,4849.79,3823.49,521.59
2007-12-21,4849.79,3813.98,521.59
2007-12-14,4837.89,3811.09,521.59
2007-12-07,4834.29,3721.64,521.59
2007-11-30,4722.37,3688.35,521.59
2007-11-23,4680.72,3601.75,521.59
2007-11-16,4572.37,3515.40,521.59
2007-11-09,4464.34,3515.40,521.59
2007-11-02,4464.34,3515.40,521.59
2007-10-26,4464.34,3474.89,521.59
2007-10-19,4413.67,3495.10,521.59
2007-10-12,4438.95,3442.88,521.59
2007-10-05,4373.63,3410.14,521.59
2007-09-28,4332.68,3410.14,521.59
2007-09-21,4332.68,3408.68,521.59
2007-09-14,4330.85,3399.99,521.59
2007-09-07,4319.99,3399.99,521.59
2007-08-31,4319.99,3393.48,521.59
2007-08-24,4311.84,3386.21,521.59
2007-08-17,4302.74,3315.03,521.59
2007-08-10,4213.72,3186.68,521.59
2007-08-03,4053.18,3149.21,521.59
2007-07-27,4006.30,3133.25,521.59
2007-07-20,3986.34,3109.53,521.59
2007-07-13,3956.68,3120.71,521.59
2007-07-05,3970.66,3071.30,521.59
2007-06-29,3908.86,2930.46,521.59
2007-06-22,3732.69,2930.45,521.59
2007-06-15,3732.69,2898.59,521.59
2007-06-08,3692.84,2862.20,521.59
2007-06-01,3647.33,2856.93,521.59
2007-05-25,3640.73,2700.39,521.59
2007-05-18,3444.96,2688.66,521.59
2007-05-11,3430.29,2474.14,521.59
2007-05-04,3162.02,2438.96,521.59
2007-04-27,3118.02,2359.77,521.59
2007-04-20,3018.99,2244.97,521.59
2007-04-13,2875.41,2171.17,521.59
2007-04-05,2783.13,2122.62,521.59
2007-03-30,2722.41,2115.40,521.59
2007-03-23,2713.38,2091.05,521.59
2007-03-16,2682.92,2063.87,521.59
2007-03-09,2648.94,2013.33,521.59
2007-03-02,2585.73,2002.31,521.59
2007-02-23,2571.94,1963.40,521.59
2007-02-16,2523.29,1952.36,521.59
2007-02-09,2509.49,1958.06,521.59
2007-02-02,2516.60,1954.91,521.59
2007-01-26,2512.67,1842.40,521.59
2007-01-19,2371.97,1811.16,521.59
2007-01-12,2332.89,1800.57,521.59
2007-01-05,2319.66,1793.39,521.59
2006-12-29,2310.67,1793.39,521.59
2006-12-22,2310.67,1785.95,521.59
2006-12-15,2301.37,1782.52,521.59
2006-12-08,2297.08,1735.01,521.59
2006-12-01,2237.67,1685.25,521.59
2006-11-24,2175.44,1686.03,521.59
2006-11-17,2176.41,1668.84,521.59
2006-11-10,2154.92,1693.31,521.59
2006-11-03,2185.52,1567.09,521.59
2006-10-27,2027.69,1567.09,521.59
2006-10-20,2027.69,1614.62,521.59
2006-10-13,2087.12,1644.03,521.59
2006-10-06,2123.90,1644.03,521.59
2006-09-29,2123.90,1642.59,521.59
2006-09-22,2122.10,1641.44,521.59
2006-09-15,2120.66,1624.39,521.59
2006-09-08,2099.34,1624.39,521.59
2006-09-01,2099.34,1554.17,521.59
2006-08-25,2011.54,1552.12,521.59
2006-08-18,2008.97,1548.18,521.59
2006-08-11,2004.04,1530.06,521.59
2006-08-04,1981.39,1430.79,521.59
2006-07-28,1857.25,1477.64,521.59
2006-07-21,1915.83,1425.73,521.59
2006-07-14,1850.93,1437.02,521.59
2006-07-07,1865.04,1437.02,521.59
2006-06-30,1865.04,1485.67,521.59
2006-06-23,1925.88,1271.78,521.59
2006-06-16,1658.42,1271.78,521.59
2006-06-09,1658.42,1257.59,521.59
2006-06-02,1640.75,1257.42,521.59
2006-05-26,1639.64,1237.95,515.30
2006-05-19,1615.40,1234.03,515.30
2006-05-12,1610.52,1082.71,515.30
2006-05-05,1422.12,1007.11,515.30
2006-04-28,1327.10,957.72,509.02
2006-04-21,1265.60,957.22,509.02
2006-04-14,1264.08,881.00,502.74
2006-04-07,1156.53,857.47,414.76
2006-03-31,1127.23,785.34,414.76
2006-03-24,1037.43,757.61,414.76
2006-03-17,1002.91,757.61,414.76
2006-03-10,1002.91,757.61,414.76
2006-03-02,1002.00,757.61,408.47
2006-02-24,1002.00,752.24,408.47
2006-02-17,995.32,707.33,408.47
2006-02-10,937.59,707.33,395.90
2006-02-03,937.59,707.33,395.90
2006-01-27,937.59,697.35,395.90
2006-01-20,919.74,694.97,358.20
2006-01-13,916.78,687.87,358.20
2006-01-06,907.93,687.00,358.20
2005-12-30,906.85,692.36,358.20
2005-12-23,912.81,691.25,353.17
2005-12-16,911.43,688.25,353.17
2005-12-09,900.27,696.48,301.64
2005-12-02,910.53,686.50,301.64
2005-11-25,898.10,682.54,301.64
2005-11-18,893.16,682.26,301.64
2005-11-11,891.01,656.57,289.07
2005-11-04,859.03,656.57,289.07
2005-10-28,859.03,669.99,289.07
2005-10-21,875.73,669.99,289.07
2005-10-14,875.73,669.99,289.07
2005-10-07,875.73,667.38,289.07
2005-09-30,872.49,662.95,289.07
2005-09-23,866.97,660.63,289.07
2005-09-16,864.08,658.09,289.07
2005-09-09,860.92,652.46,289.07
2005-09-02,853.91,648.58,289.07
2005-08-26,849.08,649.82,289.07
2005-08-19,850.62,644.27,289.07
2005-08-12,843.72,636.22,289.07
2005-08-05,830.98,633.76,270.22
2005-07-29,826.11,632.25,257.65
2005-07-22,824.23,618.83,257.65
2005-07-15,807.52,607.45,257.65
2005-07-08,793.35,607.45,257.65
2005-07-01,792.44,604.40,251.37
2005-06-24,788.65,606.20,251.37
2005-06-17,789.08,577.67,238.80
2005-06-10,753.57,545.86,238.80
2005-06-03,713.96,537.08,238.80
2005-05-27,703.03,531.23,238.80
2005-05-20,695.74,531.23,238.80
2005-05-13,695.74,519.35,238.80
2005-05-06,680.95,503.24,238.80
2005-04-29,660.89,502.68,238.80
2005-04-22,660.20,499.83,238.80
2005-04-15,656.66,517.51,238.80
2005-04-08,678.67,508.83,238.80
2005-04-01,667.86,508.83,238.80
2005-03-24,667.86,474.44,238.80
2005-03-18,625.04,474.44,238.80
2005-03-11,625.04,473.41,238.80
2005-03-04,623.75,472.98,238.80
2005-02-25,623.22,461.80,238.80
2005-02-18,609.31,461.80,238.80
2005-02-11,609.31,450.89,238.80
2005-02-04,595.74,441.42,238.80
2005-01-28,583.97,438.64,238.80
2005-01-21,583.88,440.16,238.80
2005-01-14,583.93,426.03,238.80
2005-01-07,583.48,426.03,238.80
2004-12-31,583.48,426.03,238.80
2004-12-24,583.48,424.01,238.80
2004-12-17,583.42,424.01,238.80
2004-12-10,583.42,421.19,238.80
2004-12-03,583.33,415.79,238.80
2004-11-26,553.16,412.70,226.23
2004-11-19,553.06,411.71,226.23
2004-11-12,553.03,405.90,226.23
2004-11-05,552.85,405.02,226.23
2004-10-29,552.82,405.02,226.23
2004-10-22,552.82,409.60,226.23
2004-10-15,552.96,409.60,226.23
2004-10-08,552.96,399.76,226.23
2004-10-01,552.65,397.03,226.23
2004-09-24,552.57,380.04,226.23
2004-09-17,552.03,358.38,226.23
2004-09-10,551.35,353.91,226.23
2004-09-03,551.21,323.88,226.23
2004-08-27,490.25,322.82,201.10
2004-08-20,490.22,322.82,201.10
2004-08-13,490.22,322.82,201.10
2004-08-06,490.22,317.57,201.10
2004-07-30,490.05,317.57,201.10
2004-07-23,490.05,314.68,201.10
2004-07-16,489.96,306.47,201.10
2004-07-09,489.70,305.18,201.10
2004-07-02,489.66,299.11,201.10
2004-06-25,489.47,281.40,201.10
2004-06-18,488.91,280.84,201.10
2004-06-11,488.89,280.59,201.10
2004-06-04,488.88,280.59,201.10
2004-05-28,488.88,267.29,201.10
2004-05-21,488.46,266.26,201.10
2004-05-14,488.43,264.98,201.10
2004-05-07,488.39,264.98,201.10
2004-04-30,488.39,248.48,201.10
2004-04-23,478.87,243.97,197.32
2004-04-16,478.73,243.97,197.32
2004-04-09,478.73,242.02,197.32
2004-04-02,478.66,241.13,197.32
2004-03-26,478.64,241.05,197.32
2004-03-19,478.63,241.05,197.32
2004-03-12,478.63,243.86,197.32
2004-03-05,457.72,243.86,188.53
2004-02-27,457.72,240.94,188.53
2004-02-20,457.63,234.00,188.53
2004-02-13,457.41,234.00,188.53
2004-02-06,457.41,232.23,188.53
2004-01-30,457.35,231.72,188.53
2004-01-23,457.34,231.72,188.53
2004-01-16,457.34,231.72,188.53
2004-01-09,457.34,229.57,188.53
2004-01-02,457.27,229.57,188.53
2003-12-29,457.27,229.57,188.53
2003-12-26,457.27,229.57,188.53
2003-12-19,457.27,229.57,188.53
2003-12-12,457.27,230.87,188.53
2003-12-05,457.31,230.87,188.53
2003-11-28,457.31,227.82,188.53
2003-11-21,457.22,227.82,188.53
2003-11-14,442.22,225.53,182.24
2003-11-07,442.14,222.45,182.24
2003-10-31,442.05,217.27,182.24
2003-10-24,441.88,207.57,182.24
2003-10-17,472.48,207.57,195.19
2003-10-10,472.48,207.57,195.19
2003-10-03,472.48,207.32,195.19
2003-09-26,472.47,208.61,195.19
2003-09-19,472.51,209.50,195.19
2003-09-12,472.54,210.46,195.19
2003-09-05,472.57,204.19,195.19
2003-08-29,472.37,201.60,195.19
2003-08-22,336.38,201.60,138.25
2003-08-15,336.38,213.52,138.25
2003-08-08,327.76,208.34,134.48
2003-08-01,327.59,208.02,134.48
2003-07-25,336.58,208.27,138.25
2003-07-18,327.59,208.52,134.48
2003-07-11,327.60,207.02,134.48
2003-07-04,327.56,207.77,134.48
2003-06-27,327.58,207.03,134.48
2003-06-20,327.56,207.03,134.48
2003-06-13,327.56,207.68,134.48
2003-06-06,327.58,207.68,134.48
2003-05-30,327.58,207.68,134.48
2003-05-23,327.58,214.53,134.48
2003-05-16,327.79,206.79,134.48
2003-05-09,327.55,214.11,134.48
2003-05-02,327.78,215.62,134.48
2003-04-25,327.83,219.00,134.48
2003-04-18,327.93,219.00,134.48
2003-04-11,291.93,223.65,119.40
2003-04-04,292.08,223.65,119.40
2003-03-28,292.08,220.41,119.40
2003-03-21,339.98,220.58,139.51
2003-03-14,339.99,220.45,139.51
2003-03-07,339.98,220.16,139.51
2003-02-28,339.97,231.13,139.51
2003-02-21,340.32,231.22,139.51
2003-02-14,337.33,231.55,138.25
2003-02-07,313.34,231.55,128.20
2003-01-31,313.34,233.33,128.20
2003-01-24,313.40,233.16,128.20
2003-01-17,313.39,233.16,128.20
2003-01-10,313.39,233.43,128.20
2003-01-03,313.40,233.43,128.20
2002-12-27,313.40,233.35,128.20
2002-12-20,313.40,233.07,128.20
2002-12-13,313.40,229.59,128.20
2002-12-06,313.28,229.59,128.20
2002-11-29,313.28,231.11,128.20
2002-11-22,313.33,231.11,128.20
2002-11-15,313.33,231.11,128.20
2002-11-08,313.33,233.12,128.20
2002-11-01,313.40,246.18,128.20
2002-10-25,313.81,247.43,128.20
2002-10-18,262.86,247.43,106.83
2002-10-11,307.85,249.21,125.69
2002-10-04,307.91,251.46,125.69
2002-09-27,307.98,249.84,125.69
2002-09-20,307.93,257.19,125.69
2002-09-13,308.16,272.27,125.69
2002-09-06,362.66,278.34,148.31
2002-08-30,362.95,277.46,148.31
2002-08-23,362.82,279.75,148.31
2002-08-16,362.89,282.60,148.31
2002-08-09,362.98,281.71,148.31
2002-08-02,362.96,285.05,148.31
2002-07-26,363.06,285.05,148.31
2002-07-19,363.06,288.10,148.31
2002-07-12,363.15,288.81,148.31
2002-07-05,363.17,284.53,148.31
2002-06-28,360.04,284.53,148.31
2002-06-21,363.04,296.03,148.31
2002-06-14,364.89,299.25,148.94
2002-06-07,364.99,299.25,148.94
2002-05-31,364.99,299.40,148.94
2002-05-24,364.99,301.41,148.94
2002-05-17,365.06,301.15,148.94
2002-05-10,360.54,300.36,147.06
2002-05-03,360.52,300.98,147.06
2002-04-26,360.54,300.95,147.06
2002-04-19,315.88,300.95,128.37
2002-04-12,315.88,300.95,128.37
2002-04-05,315.88,300.82,128.37
2002-03-28,315.87,301.08,128.37
2002-03-22,315.86,300.46,128.37
2002-03-15,315.86,300.46,128.37
2002-03-08,315.86,300.33,128.37
2002-03-01,279.43,300.33,113.12
2002-02-22,279.43,299.01,113.12
2002-02-15,279.39,299.01,113.12
2002-02-08,279.39,300.33,113.12
2002-02-01,279.44,300.11,113.12
2002-01-25,279.43,280.90,113.12
2002-01-18,251.83,280.15,101.81
2002-01-11,458.74,280.15,188.54
2002-01-04,458.74,280.15,188.54
2001-12-14,458.74,281.22,188.54
2001-12-07,458.78,281.22,188.54
2001-11-30,458.78,281.22,188.54
2001-11-23,458.78,281.22,188.54
2001-11-16,488.77,280.15,201.11
2001-11-09,488.73,280.15,201.11
2001-11-02,488.73,281.22,201.11
2001-10-26,488.77,278.30,201.11
2001-10-19,488.67,281.31,201.11
2001-10-12,488.77,281.44,201.11
2001-10-05,488.77,281.31,201.11
2001-09-28,488.77,281.31,201.11
2001-09-21,488.77,283.87,201.11
2001-09-14,488.85,282.53,201.11
2001-09-07,488.81,283.39,201.11
2001-08-31,488.84,283.39,201.11
2001-08-24,488.84,267.74,201.11
2001-08-17,488.34,267.74,201.11
2001-08-10,500.07,269.47,206.02
2001-08-03,500.12,263.36,206.02
2001-07-27,499.93,263.33,206.02
2001-07-20,499.93,260.14,206.02
2001-07-13,499.83,269.72,206.02
2001-07-06,500.13,269.72,206.02
2001-06-29,578.38,269.72,238.82
2001-06-22,578.38,269.72,238.82
2001-06-15,578.38,269.72,238.82
2001-06-08,578.38,266.66,238.82
2001-06-01,578.28,269.01,238.82
2001-05-25,578.35,268.74,238.82
2001-05-18,578.34,272.90,238.82
2001-05-11,578.47,272.90,238.82
2001-05-04,578.47,272.36,238.82
2001-04-27,578.46,271.82,238.82
2001-04-20,578.44,271.82,238.82
2001-04-13,578.44,269.94,238.82
2001-04-06,578.38,269.94,238.82
2001-03-30,578.38,270.55,238.82
2001-03-23,578.40,272.03,238.82
2001-03-16,578.45,270.21,238.82
2001-03-09,578.39,270.21,238.82
2001-03-02,565.19,270.21,233.29
2001-02-23,565.19,270.21,233.29
2001-02-16,562.67,270.39,232.23
2001-02-09,562.68,270.73,232.23
2001-02-02,562.69,270.12,232.23
2001-01-26,562.67,270.12,232.23
2001-01-19,562.67,270.12,232.23
2001-01-12,518.40,270.12,213.68
2001-01-05,518.40,270.12,213.68
2000-12-29,518.40,270.12,213.68
2000-12-22,518.40,270.03,213.68
2000-12-15,518.39,270.10,213.68
2000-12-08,518.39,270.10,213.68
2000-12-01,543.89,269.50,224.36
2000-11-24,543.89,274.90,224.36
2000-11-17,544.07,274.90,224.36
2000-11-10,544.07,274.03,224.36
2000-11-03,524.55,270.33,216.19
2000-10-27,524.43,275.51,216.19
2000-10-20,524.60,275.51,216.19
2000-10-13,488.62,274.61,201.11
2000-10-10,98.60,272.86,201.11
2000-10-06,488.59,271.29,201.11
2000-09-29,488.54,271.60,201.11
2000-09-22,488.48,273.08,196.08
2000-09-15,476.50,274.95,175.97
2000-09-08,428.58,266.32,175.97
2000-09-01,428.64,248.17,158.37
2000-08-25,386.39,248.17,152.71
2000-08-18,385.80,246.62,152.71
2000-08-11,372.25,252.03,150.83
2000-08-04,367.70,252.03,150.83
2000-07-28,367.84,257.88,157.11
2000-07-21,382.89,257.88,157.11
2000-07-14,383.04,256.04,149.57
2000-07-07,364.98,256.04,149.57
2000-06-30,364.93,256.15,150.83
2000-06-23,367.94,256.15,158.37
2000-06-16,386.01,256.04,144.54
2000-06-09,352.89,256.04,125.69
2000-06-02,307.74,255.28,125.69
2000-05-26,307.74,255.51,137.00
2000-05-19,334.81,262.22,137.00
2000-05-12,334.82,262.22,137.00
2000-05-05,334.99,262.22,137.00
2000-04-28,334.99,262.22,137.00
2000-04-20,334.99,256.46,137.00
2000-04-14,334.99,255.65,138.26
2000-04-07,337.85,255.65,138.26
2000-03-31,337.82,255.65,138.26
2000-03-24,337.82,255.65,138.26
2000-03-17,337.82,255.65,138.26
2000-03-10,337.82,255.65,138.26
2000-03-02,337.71,255.65,138.26
2000-02-25,337.71,255.65,157.11
2000-02-18,382.81,250.24,157.11
2000-02-11,382.81,255.65,157.11
2000-02-04,382.66,255.65,157.11
2000-01-28,382.81,255.65,140.77
2000-01-21,343.73,254.57,140.77
2000-01-14,343.73,250.89,140.77
2000-01-07,343.70,250.89,138.26
1999-12-28,337.58,250.89,138.26
1999-12-24,337.58,250.89,138.26
1999-12-17,337.58,250.89,138.26
1999-12-10,352.61,250.56,144.54
1999-12-03,306.01,250.89,125.06
1999-11-26,313.53,250.89,128.21
1999-11-19,295.39,250.89,138.26
1999-11-12,295.39,245.02,144.54
1999-11-05,283.31,244.35,115.64
1999-10-29,283.29,244.35,115.64
1999-10-22,283.29,244.35,115.64
1999-10-15,283.29,245.02,115.64
1999-10-08,283.29,245.02,115.64
1999-10-01,283.41,245.02,115.64
1999-09-24,283.31,245.02,114.69
1999-09-17,281.06,245.02,114.69
1999-09-10,281.06,241.77,109.08
1999-09-03,269.78,241.77,109.98
1999-08-27,269.69,240.64,113.12
1999-08-20,277.21,246.05,115.61
1999-08-13,283.18,246.05,113.02
1999-08-06,277.32,246.05,113.02
1999-07-30,277.32,246.39,113.02
1999-07-23,277.32,245.94,119.50
1999-07-16,292.35,246.08,0.00
1999-07-09,245.94,246.08,0.00
1999-07-02,246.08,244.92,0.00
1999-06-25,246.08,240.59,2325.21
1999-06-18,244.92,240.18,2425.75
1999-06-04,240.59,245.93,2727.82
1999-05-28,240.18,245.93,0.00
1999-05-21,245.93,245.93,0.00
1999-05-14,245.93,244.85,0.00
1999-05-07,245.93,250.03,0.00
1999-04-30,244.85,247.86,0.00
1999-04-23,250.03,247.86,0.00
1999-04-16,247.86,247.86,0.00
1999-04-09,247.86,246.49,0.00
1999-04-01,247.86,235.21,0.00
1999-03-25,246.49,232.17,0.00
1999-03-19,235.21,230.00,0.00
1999-03-12,232.17,230.00,0.00
1999-03-05,230.00,229.78,0.00
1999-02-26,230.00,229.45,0.00
1999-02-19,229.78,225.12,0.00
1999-02-12,229.45,225.12,0.00
1999-02-05,225.12,225.01,0.00
1999-01-29,225.12,220.68,0.00
1999-01-22,225.01,220.68,0
1999-01-08,220.68,218.51,0
1998-12-24,220.68,217.76,0
1998-12-18,218.51,215.60,0
1998-12-11,217.76,215.49,0
1998-12-04,215.60,215.49,0
1998-11-27,215.49,215.49,0
1998-11-20,215.49,212.60,0
1998-11-13,215.49,211.41,0
1998-11-06,212.60,210.74,0
1998-10-30,211.41,209.83,0
1998-10-23,210.74,209.97,0
1998-10-16,209.83,209.30,0
1998-10-09,209.97,210.95,0
1998-10-02,209.30,206.73,0
1998-09-25,210.95,200.67,0
1998-09-18,206.73,197.31,0
1998-09-11,200.67,197.00,0
1998-09-04,197.31,196.85,0
1998-08-28,197.00,195.00,0
1998-08-21,196.85,186.07,0
1998-08-14,195.00,184.95,0
1998-08-07,186.07,184.95,0
1998-07-31,184.95,183.57,0
1998-07-24,184.95,183.57,0
1998-07-17,183.57,180.22,0
1998-07-10,183.57,176.48,0
1998-07-03,180.22,176.48,0
1998-06-26,176.48,170.54,0
1998-06-19,176.48,170.54,0
1998-06-12,170.54,166.26,0
1998-06-05,170.54,166.26,0
1998-05-29,166.26,166.26,0
1998-05-22,166.26,164.34,0
1998-05-15,166.26,158.46,0
1998-05-08,164.34,158.46,0
1998-05-01,158.46,158.46,0
1998-04-24,158.46,150.78,0
1998-04-17,158.46,154.62,0
1998-04-10,150.78,154.39,0
1998-04-03,154.62,154.03,0
1998-03-27,154.39,150.09,0
1998-03-20,154.03,150.09,0
1998-03-13,150.09,150.09,0
1998-03-06,150.09,150.09,0
1998-02-26,150.09,150.09,0
1998-02-20,150.09,150.09,0
1998-02-13,150.09,145.26,0
1998-02-06,150.09,145.26,0
1998-01-30,145.26,137.57,0
1998-01-23,145.26,137.57,0
1998-01-16,137.57,137.57,0
1998-01-09,137.57,137.57,0
1998-01-02,137.57,137.57,0
1997-12-26,137.57,137.57,0
1997-12-19,137.57,137.57,0
1997-12-12,137.57,122.23,0
1997-12-05,137.57,120.33,0
1997-11-28,122.23,116.39,0
1997-11-21,120.33,98.60,0
1997-11-14,116.39,98.60,0
1997-11-07,98.60,98.60,0
1997-10-31,98.60,98.60,0
1997-10-24,98.60,98.60,0
1997-10-17,98.60,98.60,0
1997-10-03,98.60,98.60,0
1997-09-26,98.60,98.60,0
1997-09-19,98.60,98.60,0
1997-09-12,98.60,98.60,0
1997-09-05,98.60,98.60,0
1997-08-29,98.60,98.00,0
1997-08-22,98.00,98.00,0
1997-08-15,98.00,97.23,0
1997-08-08,97.23,97.23,0
1997-08-01,97.23,95.01,0
1997-07-25,95.01,97.23,0
1997-07-18,97.23,97.23,0
1997-07-11,97.23,100.35,0
1997-07-04,100.35,100.35,0
1997-06-27,100.35,94.57,0
1997-06-20,94.57,94.57,0
1997-06-13,94.57,103.46,0
1997-06-06,103.46,103.46,0
1997-05-30,103.46,103.46,0
1997-05-23,103.46,103.46,0
1997-05-16,103.46,102.79,0
1997-05-09,102.79,100.66,0
1997-05-02,100.66,100.66,0
1997-04-25,100.66,100.66,0
1997-04-18,100.66,100.66,0
1997-04-11,100.66,100.00,0
1997-04-04,100.00,100.00,0
1997-03-28,100.00,100.00,0
1997-03-21,100.00,100.00,0
1997-03-14,100.00,100.00,0
1997-03-07,100.00,100.00,0
1997-02-28,100.00,100.00,0
1997-02-21,100.00,105.00,0
1997-02-14,105.00,100.00,0
1997-02-07,100.00,100.00,0
1997-01-31,100.00,112.50,0
1997-01-24,112.50,112.50,0
1997-01-17,112.50,112.50,0
1997-01-10,112.50,112.50,0
1997-01-03,112.50,112.50,0
1996-12-27,112.50,112.50,0
1996-12-20,112.50,112.50,0
1996-12-13,112.50,112.50,0
1996-12-06,112.50,112.50,0
1996-11-29,112.50,112.50,0
1996-11-22,112.50,112.50,0
1996-11-15,112.50,0.00,0
0000-00-00,0.00,0.00,0
0000-00-00,0.00,0.00,0
0000-00-00,0.00,12618.16,0
0000-00-00,16063.48,15691.96,0
0000-00-00,19925.66,15793.42,0
0000-00-00,20321.89,0.00,0
0000-00-00,0.00,0.00,0
0000-00-00,0.00,0.00,0
0000-00-00,0.00,0.00,0
0000-00-00,0.00,0.00,0
0000-00-00,0.00,0.00,0
0000-00-00,0.00,0.00,0
0000-00-00,0.00,0.00,0
0000-00-00,0.00,0.00,0
0000-00-00,0.00,0.00,0
0000-00-00,0.00,0.00,0
0000-00-00,0.00,0.00,0
0000-00-00,0.00,0.00,0
0000-00-00,0.00,0.00,0
0000-00-00,0.00,0.00,0
0000-00-00,0.00,0.00,0
0000-00-00,0.00,0.00,0
0000-00-00,0.00,0.00,0
0000-00-00,0.00,0,0
